label,selected_policy_id,selected_label,source_welfare,selection_type,scenario,n_ensembles,zaf_mean_abatement_burden_all_years,zaf_worst_abatement_burden_all_years,zaf_mean_damage_burden_all_years,zaf_worst_damage_burden_all_years,zaf_mean_total_burden_all_years,zaf_worst_total_burden_all_years,zaf_mean_consumption_per_capita_all_years,zaf_ecr_mean_end,global_temp_mean_2100,global_temp_p95_2100,fraction_above_threshold_2100,mean_years_above_threshold,evaluated_welfare,zaf_abatement_burden_2050,zaf_damage_burden_2050,zaf_total_burden_2050,zaf_consumption_pc_2050,zaf_ecr_2050,global_temp_mean_2050,zaf_abatement_burden_2100,zaf_damage_burden_2100,zaf_total_burden_2100,zaf_consumption_pc_2100,zaf_ecr_2100
P0_PRIORITARIAN_best_welfare_within_frame__scenario_0,0,P0_PRIORITARIAN_best_welfare_within_frame,PRIORITARIAN,best_welfare_within_frame,0,15,0.0041931874061794305,0.09404990318025602,0.014680270919300444,0.0531139542549107,0.01887345832547988,0.11669892702922222,62.410473704218006,0.9267034155018768,1.7641166750893749,2.0437937247047206,0.2,76.93333333333334,-398.60873801475793,0.032816891336572604,0.013652545288528018,0.04646943662510063,20.82782934152383,0.7372540912308803,1.6686755641816784,0.0025461901980365466,0.013756775740178787,0.016302965938215334,50.22254932396784,0.8415614430655278
P0_PRIORITARIAN_best_welfare_within_frame__scenario_1,0,P0_PRIORITARIAN_best_welfare_within_frame,PRIORITARIAN,best_welfare_within_frame,1,15,0.004178579124040069,0.07560249751526751,0.014702423935034748,0.05283653487705374,0.018881003059074815,0.09732417454798686,62.409628016089165,0.9290988735703812,1.7762694209212255,2.0466071113417055,0.26666666666666666,77.6,-398.61035807006704,0.03191950617787329,0.013814815490696299,0.04573432166856959,20.848374060830835,0.7385585374629763,1.6773979724379124,0.0026022990090606595,0.014019435591765465,0.016621734600826124,50.19737639882518,0.8492587373862298
P0_PRIORITARIAN_best_welfare_within_frame__scenario_2,0,P0_PRIORITARIAN_best_welfare_within_frame,PRIORITARIAN,best_welfare_within_frame,2,15,0.007301172976031272,0.10880413801520263,0.018987565326236668,0.05570191844426571,0.026288738302267935,0.12994013064468513,64.82133500174749,0.9839625201074821,2.0865626096275096,2.379460427182211,0.6666666666666666,137.4,-411.5552150705096,0.047206941104719034,0.015860675898677335,0.06306761700339637,16.38215365224121,0.7869425719829458,1.7759797293099353,0.006033264089406341,0.020955757841962897,0.026989021931369237,45.48633510718536,0.9625559578205404
P0_PRIORITARIAN_best_welfare_within_frame__scenario_3,0,P0_PRIORITARIAN_best_welfare_within_frame,PRIORITARIAN,best_welfare_within_frame,3,15,0.010407565493777741,0.13835530407942226,0.03042156476030451,0.07685450742759103,0.04082913025408225,0.1599601727932536,25.039859901742837,0.9848351238077561,2.4220477557018856,2.6733171381174357,0.9333333333333333,228.53333333333333,-492.9912369744644,0.05376413067570749,0.015561500816724638,0.06932563149243212,11.617588241481412,0.7703156344716546,1.7643380398772357,0.01121096283732657,0.028380153848799508,0.03959111668612609,21.679879734503345,0.9848351238077561
P0_PRIORITARIAN_best_welfare_within_frame__scenario_4,0,P0_PRIORITARIAN_best_welfare_within_frame,PRIORITARIAN,best_welfare_within_frame,4,15,0.009425856062362428,0.12817264161788228,0.022451544991872904,0.06473756240782932,0.03187740105423533,0.14799961054619426,65.61708438904326,0.9828506610490523,2.177073203548349,2.4491297558377485,0.8666666666666667,171.86666666666667,-498.83079668127743,0.048036822300339906,0.014718581745429511,0.06275540404576943,16.148429396612443,0.7425905233099985,1.7256004188428236,0.010804955681960911,0.02294973083022988,0.03375468651219079,44.56280695637724,0.9664934314144975
P0_PRIORITARIAN_best_welfare_within_frame__scenario_5,0,P0_PRIORITARIAN_best_welfare_within_frame,PRIORITARIAN,best_welfare_within_frame,5,15,0.010833582837009224,0.14518729220695184,0.024096563808739598,0.0664827885227071,0.03493014664574882,0.1669154537492831,65.3981963506326,0.9825330235370533,2.281133119351869,2.5650798447647927,0.8666666666666667,188.06666666666666,-499.3194867537917,0.06098678725742907,0.01603599715064577,0.07702278440807485,15.872856319965253,0.7841457583611938,1.7859927862654323,0.01107742441763135,0.025333351972455474,0.03641077639008682,44.341042713064276,0.9748187731829036
P0_PRIORITARIAN_best_welfare_within_frame__scenario_6,0,P0_PRIORITARIAN_best_welfare_within_frame,PRIORITARIAN,best_welfare_within_frame,6,15,0.010998494021788673,0.13481264758301376,0.01943416469344445,0.05770293396372501,0.03043265871523312,0.15177567608782289,121.67677410847004,0.985884338172519,2.006083639617166,2.301198130041364,0.4666666666666667,141.0,-378.57004163114607,0.08497964419560483,0.02038662882238701,0.10536627301799185,23.503191816369227,0.875061093856544,1.9790412441364256,0.008188319962830754,0.01920079574481177,0.027389115707642523,79.47487725689727,0.9621759437286779
P0_PRIORITARIAN_best_welfare_within_frame__scenario_7,0,P0_PRIORITARIAN_best_welfare_within_frame,PRIORITARIAN,best_welfare_within_frame,7,15,0.011200232542465337,0.1347677952777463,0.02996127169469798,0.06990361336065222,0.04116150423716332,0.15082205336154944,119.44178451765524,0.9717063783986017,2.6137914284270134,3.004776338124014,0.9333333333333333,217.2,-379.0762379252551,0.08518104865236034,0.020675152790478362,0.10585620144283871,23.489349485798826,0.875493419724475,1.9983460001793028,0.008431851294930254,0.03291696071952925,0.041348812014459495,77.92782158674919,0.9717063783986017
P1_PRIORITARIAN_best_welfare_within_frame__scenario_0,1,P1_PRIORITARIAN_best_welfare_within_frame,PRIORITARIAN,best_welfare_within_frame,0,15,0.007883313204337866,0.09758155820912755,0.01477431458353488,0.05292857604238313,0.022657627787872746,0.12022235650295088,62.24401683243398,0.9701387618855164,1.773343712494752,2.0424919836059403,0.2,76.46666666666667,-398.6190803226966,0.07686770335563767,0.013740704821940876,0.09060840817757855,19.68044843462263,0.928540664841052,1.672991441333189,0.0037290395098382354,0.013959859492540609,0.01768889900237884,50.03190885290375,0.9567413474746158
P1_PRIORITARIAN_best_welfare_within_frame__scenario_1,1,P1_PRIORITARIAN_best_welfare_within_frame,PRIORITARIAN,best_welfare_within_frame,1,15,0.007927202308934457,0.09767711884360673,0.014775561392593894,0.05262212081437956,0.022702763701528354,0.11892753301464029,62.24392970223219,0.9698224891389109,1.7840126575180897,2.0491992182482193,0.26666666666666666,77.06666666666666,-398.6194644978009,0.07738191133052558,0.013908063224837912,0.09128997455536347,19.665452181722845,0.9299099542818904,1.6819339601779426,0.0037441012444598336,0.014190413324654117,0.017934514569113953,50.01193941871778,0.9575685948787259
P1_PRIORITARIAN_best_welfare_within_frame__scenario_2,1,P1_PRIORITARIAN_best_welfare_within_frame,PRIORITARIAN,best_welfare_within_frame,2,15,0.010357992487607244,0.11233226882298697,0.01919135317405654,0.05594736767159511,0.029549345661663787,0.13438770191338684,64.704440952827,0.9749284682149821,2.095050180904304,2.3959244806298985,0.6666666666666666,138.46666666666667,-411.57828526973,0.09259547310928891,0.01596060988144529,0.1085560829907342,15.43829019220073,0.9385471578789918,1.7807447333534063,0.006139598897952865,0.021147375991130552,0.027286974889083417,45.41285357939314,0.9725229944822084
P1_PRIORITARIAN_best_welfare_within_frame__scenario_3,1,P1_PRIORITARIAN_best_welfare_within_frame,PRIORITARIAN,best_welfare_within_frame,3,15,0.014409926570133265,0.1385933616738236,0.0309370337801081,0.07864286198221684,0.04534696035024137,0.1584599667795545,24.94002515092925,0.9739414670769269,2.4324397372237585,2.6900050821753,0.9333333333333333,230.13333333333333,-493.00513417844735,0.11458807109360677,0.01566786985264557,0.13025594094625237,10.7259533675929,0.9344769277240645,1.7693936126634318,0.010632120132226,0.028616111327019134,0.03924823145924513,21.66185667152158,0.9739414670769269
P1_PRIORITARIAN_best_welfare_within_frame__scenario_4,1,P1_PRIORITARIAN_best_welfare_within_frame,PRIORITARIAN,best_welfare_within_frame,4,15,0.014498045570523229,0.14585871012523566,0.02269762263918386,0.06522762198528088,0.037195668209707086,0.16458584058313994,65.43070340614062,0.9748100534320601,2.1859963447586535,2.4577732280467055,0.8666666666666667,172.8,-498.90358958961616,0.11857611830670317,0.014827868410803174,0.13340398671750636,14.723232852005191,0.9311645822823217,1.7308231560680316,0.010921520867116443,0.023151760816661055,0.034073281683777504,44.444907692611835,0.9734662451742302
P1_PRIORITARIAN_best_welfare_within_frame__scenario_5,1,P1_PRIORITARIAN_best_welfare_within_frame,PRIORITARIAN,best_welfare_within_frame,5,15,0.01482102419728451,0.14571174746825274,0.02442061561518451,0.06709671427927527,0.03924163981246902,0.16541198013891717,65.24252380893324,0.9740010289056998,2.291042873762349,2.5778810618408166,0.9333333333333333,189.8,-499.3144219850181,0.12303496372799781,0.01613601382693185,0.13917097755492963,14.61593957701853,0.9383056195199472,1.7907305254091372,0.010950910952786698,0.025557762455778302,0.036508673408565,44.27420092288904,0.973755277905265
P1_PRIORITARIAN_best_welfare_within_frame__scenario_6,1,P1_PRIORITARIAN_best_welfare_within_frame,PRIORITARIAN,best_welfare_within_frame,6,15,0.012704313792401055,0.1276518190982154,0.021719697445819183,0.07149468254550445,0.03442401123822023,0.1509507446251916,121.07312102123448,0.9717073357761321,2.0460254590331677,2.438230093053925,0.4666666666666667,145.33333333333334,-378.59894582515017,0.11184775246751147,0.020478416755285302,0.13232616922279677,22.621237170391495,0.946822783251876,1.9835729926819108,0.008283434453783683,0.020094415395972304,0.02837784984975599,79.32781087070538,0.9702855743152494
P1_PRIORITARIAN_best_welfare_within_frame__scenario_7,1,P1_PRIORITARIAN_best_welfare_within_frame,PRIORITARIAN,best_welfare_within_frame,7,15,0.012648353321035907,0.12737699467513977,0.033439584070029144,0.08632197269003306,0.04608793739106505,0.150983256367275,118.5790888337838,0.9669398718703864,2.6713771400833246,3.1524411190325337,0.9333333333333333,223.73333333333332,-379.1277993583145,0.11176811879428719,0.020767232022757324,0.1325353508170445,22.615495104861225,0.9467553720464876,2.002864759466626,0.00819339022463048,0.03423462043668439,0.042428010661314866,77.79353843017769,0.9668970413447217
P2_PRIORITARIAN_best_welfare_within_frame__scenario_0,2,P2_PRIORITARIAN_best_welfare_within_frame,PRIORITARIAN,best_welfare_within_frame,0,15,0.004128048367312857,0.09267571009846103,0.014991870825965405,0.053507707695252156,0.019119919193278264,0.11535824649708638,62.38015034494494,0.9309293318269964,1.7797670004927342,2.0515753117992914,0.26666666666666666,79.46666666666667,-398.61939189866035,0.032077229672310324,0.013725591786352203,0.04580282145866253,20.84752960303653,0.730373102176819,1.6723147206775606,0.0025516578872763207,0.014100631917178318,0.016652289804454636,50.19923532079297,0.8438668251973124
P2_PRIORITARIAN_best_welfare_within_frame__scenario_1,2,P2_PRIORITARIAN_best_welfare_within_frame,PRIORITARIAN,best_welfare_within_frame,1,15,0.004110135032706427,0.07402171204783853,0.015005367697820904,0.05326629835080486,0.01911550273052733,0.09466051865374289,62.380639084398304,0.9309997537188387,1.7917049680031654,2.055399819228748,0.26666666666666666,80.53333333333333,-398.6203149343992,0.031009486779237854,0.013891478197696754,0.044900964976934604,20.871586588397715,0.730445890364107,1.6812098241261673,0.002591153997233685,0.014358788637313429,0.016949942634547115,50.17593852053415,0.849733583877338
P2_PRIORITARIAN_best_welfare_within_frame__scenario_2,2,P2_PRIORITARIAN_best_welfare_within_frame,PRIORITARIAN,best_welfare_within_frame,2,15,0.007218080589482211,0.10559360099820143,0.0192661731669109,0.05618230127304444,0.02648425375639311,0.12680952264083434,64.79400805869302,0.9819765451260095,2.1008055275477955,2.3897483868626495,0.7333333333333333,140.73333333333332,-411.5652616320848,0.04642179704089259,0.01594956380419047,0.06237136084508306,16.39759557511318,0.7819605270033045,1.7802873662025285,0.006049894387068409,0.021275466652938647,0.027325361040007053,45.46586931001752,0.9645339542665262
P2_PRIORITARIAN_best_welfare_within_frame__scenario_3,2,P2_PRIORITARIAN_best_welfare_within_frame,PRIORITARIAN,best_welfare_within_frame,3,15,0.0103150610682746,0.13578709379766868,0.030809848922610406,0.07762782774963037,0.04112490999088501,0.15746700225129817,25.025996141277293,0.9812118551382394,2.4348589360695043,2.686777166459176,0.9333333333333333,230.46666666666667,-493.0388196064321,0.05329222392559714,0.015657839429711138,0.06895006335530827,11.62457987728698,0.7660289405181496,1.7689756302988793,0.01101154150082082,0.028672094310099348,0.039683635810920166,21.677343947824856,0.9812118551382394
P2_PRIORITARIAN_best_welfare_within_frame__scenario_4,2,P2_PRIORITARIAN_best_welfare_within_frame,PRIORITARIAN,best_welfare_within_frame,4,15,0.009319347719089294,0.12679003886789478,0.022757519928143732,0.06532682545321347,0.032076867647233026,0.14668798349300555,65.58579245401775,0.9807865065850537,2.1886117642656067,2.458031155018398,0.8666666666666667,175.0,-498.9057833137958,0.04623836997645387,0.01479484628764264,0.06103321626409651,16.18354689129991,0.7352389549687854,1.729328763410281,0.010678160147250796,0.023209367617033985,0.03388752776428478,44.55556449160576,0.9648526259110273
P2_PRIORITARIAN_best_welfare_within_frame__scenario_5,2,P2_PRIORITARIAN_best_welfare_within_frame,PRIORITARIAN,best_welfare_within_frame,5,15,0.010750700269806353,0.14256948151631185,0.024372845952458352,0.06705967019083187,0.035123546222264705,0.1643463492758151,65.37009694581127,0.9792604307960094,2.291058420502779,2.5748009031124033,0.9333333333333333,191.6,-499.3901099199094,0.06079461301619899,0.016105318228652014,0.07689993124485099,15.87715852425925,0.7808761019288138,1.7893229723598938,0.0109789499077403,0.025557405964235988,0.036536355871976296,44.335452858580624,0.9734926943458303
P2_PRIORITARIAN_best_welfare_within_frame__scenario_6,2,P2_PRIORITARIAN_best_welfare_within_frame,PRIORITARIAN,best_welfare_within_frame,6,15,0.010831031019043936,0.12987580765272377,0.019845030015169258,0.058586741682457394,0.030676061034213196,0.14980967734838144,121.5986555111324,0.9804282789364348,2.0194744862043508,2.313136063944916,0.5333333333333333,144.46666666666667,-378.57148546146107,0.08326510870005022,0.02046143123826324,0.10372653993831345,23.55237182127111,0.8698676300491894,1.9826317075288102,0.008093861757886393,0.019499148267852578,0.02759301002573897,79.46076700543811,0.9613765027015987
P2_PRIORITARIAN_best_welfare_within_frame__scenario_7,2,P2_PRIORITARIAN_best_welfare_within_frame,PRIORITARIAN,best_welfare_within_frame,7,15,0.011102754784115263,0.13301809338591364,0.03059724310058084,0.07207888831368607,0.041699997884696104,0.14909157352897617,119.3057840238057,0.9690271222814656,2.629040529080442,3.0348458424048426,0.9333333333333333,220.66666666666666,-379.08215728922323,0.08398103801659401,0.020750349024434574,0.10473138704102856,23.525058394628577,0.8713949354714502,2.00193179485404,0.00832549719379348,0.03326590378452284,0.04159140097831631,77.90586557267484,0.9690271222814656
P3_PRIORITARIAN_lowest_climate_risk__scenario_0,3,P3_PRIORITARIAN_lowest_climate_risk,PRIORITARIAN,lowest_climate_risk,0,15,1.3928584857829028e-07,3.755061222494508e-06,0.03481231661659459,0.0884498779225909,0.03481245590244317,0.08844987971468682,60.44209828286273,0.023882591336639093,2.434658059834014,2.816399422265094,0.8666666666666667,227.6,-399.5305750297591,4.903364131651958e-07,0.01646342796251795,0.016463918298931113,21.626783119557516,0.010471631946101647,1.8059747327410716,3.120077777251837e-08,0.028769378303471878,0.028769409504249655,49.49817551105323,0.012617683404790477
P3_PRIORITARIAN_lowest_climate_risk__scenario_1,3,P3_PRIORITARIAN_lowest_climate_risk,PRIORITARIAN,lowest_climate_risk,1,15,1.3905155869270493e-07,3.753974137993072e-06,0.03490947579064596,0.08811925787101829,0.03490961484220465,0.08811925963916624,60.43377614706137,0.023816360815817266,2.449360261011417,2.838940761563787,0.8666666666666667,229.66666666666666,-399.53792949008994,4.888733081284334e-07,0.016631756058036698,0.016632244931344825,21.62356556355723,0.01045661287544087,1.8149221791741519,3.131771221908641e-08,0.02909810451464745,0.029098135832359668,49.47443313330752,0.012674716885800867
P3_PRIORITARIAN_lowest_climate_risk__scenario_2,3,P3_PRIORITARIAN_lowest_climate_risk,PRIORITARIAN,lowest_climate_risk,2,15,2.896646807069388e-07,3.902744790749549e-06,0.07304839747920343,0.18300307234135216,0.07304868714388414,0.1830034320837339,58.80059391554315,0.09295510635988283,3.2531677102511,3.6843558873249402,1.0,248.66666666666666,-414.42265827016644,5.612428924542986e-07,0.019296847851773304,0.019297409094665756,17.290526791121422,0.010477768986424971,1.942943148171644,1.285287306977783e-07,0.047611669292380886,0.04761179782111158,44.4215378053434,0.020393528290793626
P3_PRIORITARIAN_lowest_climate_risk__scenario_3,3,P3_PRIORITARIAN_lowest_climate_risk,PRIORITARIAN,lowest_climate_risk,3,15,5.530954994612969e-07,4.162570973883264e-06,0.08331385340421678,0.19888162034125934,0.08331440649971625,0.19888237562008576,23.05127429652811,0.11163032796302365,3.5488321935026574,3.9622721905953786,1.0,249.33333333333334,-499.3496580215435,7.022333397940214e-07,0.019157018880390623,0.019157721113730417,12.351394775709748,0.010440103447424008,1.938688986550863,2.995558006034087e-07,0.05450898752750722,0.054509287083307836,21.400924624226416,0.023951318820047376
P3_PRIORITARIAN_lowest_climate_risk__scenario_4,3,P3_PRIORITARIAN_lowest_climate_risk,PRIORITARIAN,lowest_climate_risk,4,15,2.3220938863806004e-07,4.230767608688919e-06,0.05428148535648459,0.12488468990290812,0.05428171756587323,0.12488475428503937,62.254227369921736,0.04648517890979194,3.044122096148644,3.431736019421334,1.0,246.53333333333333,-503.09170059498604,7.333350048120161e-07,0.017924200166131127,0.01792493350113594,17.067257597225442,0.010411147238535043,1.8814452023554709,1.306440907391852e-07,0.04278415483844016,0.0427842854825309,44.34338539399983,0.015301667079192652
P3_PRIORITARIAN_lowest_climate_risk__scenario_5,3,P3_PRIORITARIAN_lowest_climate_risk,PRIORITARIAN,lowest_climate_risk,5,15,2.4063261802769207e-07,4.2307688290623794e-06,0.05632919510193039,0.12629420319702492,0.05632943573454842,0.1262942712683837,62.04454047562151,0.04742366730085064,3.16868197210338,3.5629019324150737,1.0,248.93333333333334,-503.48778058333517,7.396038260545794e-07,0.01924532424693913,0.01924606385076518,17.038610426859268,0.010452968678460578,1.9414397139013557,8.738284471657619e-08,0.04574156413758072,0.04574165152042543,44.150702952623234,0.012895794422244356
P3_PRIORITARIAN_lowest_climate_risk__scenario_6,3,P3_PRIORITARIAN_lowest_climate_risk,PRIORITARIAN,lowest_climate_risk,6,15,8.045240165097529e-07,6.538010188358912e-06,0.10512851731011356,0.2607824860599852,0.10512932183413007,0.260784193966396,103.323739703617,0.18369987683198277,3.8234941101985283,4.359664940639081,1.0,256.46666666666664,-381.59577854755787,7.188616804638515e-07,0.024994467954133837,0.024995186815814297,25.986245448956833,0.011006986870249669,2.2012247112034915,3.5459154015423393e-07,0.06116528724958533,0.06116564184112548,76.38953726507508,0.028935966326688337
P3_PRIORITARIAN_lowest_climate_risk__scenario_7,3,P3_PRIORITARIAN_lowest_climate_risk,PRIORITARIAN,lowest_climate_risk,7,15,1.0885599619348493e-06,8.212015451312984e-06,0.11503755288370361,0.2684052218246497,0.11503864144366556,0.2684073605806868,101.36344699149605,0.19482899174287,4.418620571251315,4.9854638301372045,1.0,257.1333333333333,-382.1502169150601,7.188253125100708e-07,0.02530516721225634,0.025305886037568847,25.977681272310658,0.011007582680569295,2.2205411047330568,6.803382726351387e-07,0.07568645654559829,0.07568713688387094,74.81421434125294,0.03976919244618462
P4_PRIORITARIAN_lowest_climate_risk__scenario_0,4,P4_PRIORITARIAN_lowest_climate_risk,PRIORITARIAN,lowest_climate_risk,0,15,0.0004805362278618038,0.005449413894399178,0.02921934883142647,0.0793056701362924,0.02969988505928827,0.07930804015331641,61.01812586288641,0.46483063866776464,2.2413868379430633,2.6016223545931494,0.8666666666666667,207.2,-399.20296058884435,0.003201827598099841,0.01519109737810232,0.018392924976202162,21.559974450409243,0.464750828565156,1.7458666371536702,0.0001366564580231351,0.024388561731759236,0.02452521818978237,49.783902265541606,0.46483063866776464
P4_PRIORITARIAN_lowest_climate_risk__scenario_1,4,P4_PRIORITARIAN_lowest_climate_risk,PRIORITARIAN,lowest_climate_risk,1,15,0.000480746675706282,0.005448550225448938,0.029302638613871404,0.078977461138031,0.02978338528957768,0.07897983067965296,61.01116010481019,0.46486711643135525,2.255561260873124,2.624106565679542,0.8666666666666667,208.06666666666666,-399.20930552951006,0.003204443830921709,0.015350029648019712,0.018554473478941423,21.556938943307397,0.4648467914438101,1.7544174876355079,0.00013671867585971975,0.024701947504805165,0.024838666180664885,49.76121861825836,0.46486711643135525
P4_PRIORITARIAN_lowest_climate_risk__scenario_2,4,P4_PRIORITARIAN_lowest_climate_risk,PRIORITARIAN,lowest_climate_risk,2,15,0.0005707542060277688,0.005925902713810514,0.060517333443124655,0.15013626970093463,0.061088087649152426,0.1501443698682125,60.21967867944732,0.46484885660132963,2.9627677840980082,3.368952416957365,1.0,244.93333333333334,-413.5386387987275,0.0036633932495726607,0.017729699857002606,0.02139309310657526,17.232675683624553,0.46484029204867877,1.8695671731717136,0.00020914755204954648,0.04082048961636741,0.04102963716841696,44.82464428086377,0.46484885660132963
P4_PRIORITARIAN_lowest_climate_risk__scenario_3,4,P4_PRIORITARIAN_lowest_climate_risk,PRIORITARIAN,lowest_climate_risk,3,15,0.0007441838930326918,0.0068327669906691,0.07154953093306585,0.16932392246077044,0.07229371482609853,0.1693374390282348,23.52727278390667,0.46479279824957215,3.2664637828733936,3.6455888973633965,1.0,245.53333333333333,-497.46392437681067,0.004617517114516347,0.017511751701960936,0.022129268816477286,12.295965073802062,0.46478873142947535,1.861783795870021,0.0003578711073212335,0.047813069955578096,0.048170941062899326,21.587075116804893,0.46479279824957215
P4_PRIORITARIAN_lowest_climate_risk__scenario_4,4,P4_PRIORITARIAN_lowest_climate_risk,PRIORITARIAN,lowest_climate_risk,4,15,0.0007635068052723459,0.007031174342542278,0.046858420048756684,0.10947867416998816,0.04762192685402904,0.10948496570931308,63.094087751873275,0.46489698886007347,2.8256911575363732,3.186911278382868,1.0,241.8,-501.8378594018984,0.004854231290549046,0.01647550314562234,0.021329734436171387,16.980797628130585,0.4648868991755584,1.8135323471380185,0.00036794355343146935,0.03769618644660109,0.038064130000032545,44.62481093756624,0.46489698886007347
P4_PRIORITARIAN_lowest_climate_risk__scenario_5,4,P4_PRIORITARIAN_lowest_climate_risk,PRIORITARIAN,lowest_climate_risk,5,15,0.0007630025861839035,0.007030979807513888,0.04894498691940391,0.11194190701942303,0.0497079895055878,0.11194820578918065,62.87893763770453,0.4647877749658178,2.951489285887614,3.3205800966658563,1.0,245.66666666666666,-502.23810907296007,0.004851388184413291,0.017810062083863168,0.02266145026827646,16.95200945894466,0.46478169303355676,1.874433818954704,0.0003680572697813564,0.04065556823886564,0.041023625508647,44.431381029269836,0.4647877749658178
P4_PRIORITARIAN_lowest_climate_risk__scenario_6,4,P4_PRIORITARIAN_lowest_climate_risk,PRIORITARIAN,lowest_climate_risk,6,15,0.0006605815001078832,0.006405395577212305,0.08886075257486634,0.22605480244964554,0.08952133407497424,0.2260636499115307,106.77118053659376,0.46709867836057606,3.4044539110139698,3.8994186028678324,1.0,253.86666666666667,-380.81766906916664,0.004204876999240879,0.022998686168461714,0.027203563167702595,25.89220306489651,0.4643231066508107,2.10886895347534,0.0002842926029313431,0.05115715124797815,0.0514414438509095,77.42870761009023,0.4643231066508107
P4_PRIORITARIAN_lowest_climate_risk__scenario_7,4,P4_PRIORITARIAN_lowest_climate_risk,PRIORITARIAN,lowest_climate_risk,7,15,0.0006612544783407273,0.006405398766396148,0.09908891803776838,0.23428880008861347,0.09975017251610911,0.23429808426057266,104.71991691048473,0.46993827611726846,4.0143472074152795,4.547856608198219,1.0,255.2,-381.36964299717886,0.004204986970157365,0.023303031748866065,0.02750801871902343,25.883824258552433,0.4643248977215279,2.128186827558879,0.0002857938703667077,0.06579823180859949,0.06608402567896622,75.83489327753365,0.4643248977215279
P5_PRIORITARIAN_lowest_climate_risk__scenario_0,5,P5_PRIORITARIAN_lowest_climate_risk,PRIORITARIAN,lowest_climate_risk,0,15,1.4939026625898065e-06,5.580892010246301e-05,0.034094541565843156,0.08768648988219008,0.034096035468505745,0.08768649619156516,60.515485969831715,0.038326811887624525,2.4018491880002704,2.776608851224044,0.8666666666666667,223.73333333333332,-399.4959340504194,6.611106763520738e-06,0.016165568800218598,0.01617217990698212,21.634434717602897,0.038326811887624525,1.7919286026788162,2.825704781501627e-07,0.028019757292705078,0.028020039863183226,49.55130298304114,0.038326811887624525
P5_PRIORITARIAN_lowest_climate_risk__scenario_1,5,P5_PRIORITARIAN_lowest_climate_risk,PRIORITARIAN,lowest_climate_risk,1,15,1.5182178921794668e-06,5.6505919366187463e-05,0.034176898437230666,0.08731111632631186,0.03417841665512284,0.08731112271359756,60.508714304337936,0.03854879833805862,2.416088611795757,2.799085767246255,0.8666666666666667,226.4,-399.5025014730317,6.686530341996578e-06,0.016328637032363442,0.016335323562705433,21.6313559065499,0.03854879833805862,1.8006507085323482,2.858406970311777e-07,0.028337078915335132,0.028337364756032164,49.528349433687374,0.03854879833805862
P5_PRIORITARIAN_lowest_climate_risk__scenario_2,5,P5_PRIORITARIAN_lowest_climate_risk,PRIORITARIAN,lowest_climate_risk,2,15,1.7336769298677555e-06,6.061940072275771e-05,0.07137491923663634,0.17989338494297666,0.07137665291356621,0.1798933999886683,58.98456394822734,0.051558555878820446,3.1906540044517766,3.624131906947499,1.0,248.26666666666668,-414.31618885832785,7.512092988676982e-06,0.01884152357788631,0.018849035670874984,17.299950106687113,0.03822522254548711,1.9217261322198054,4.3000845164000736e-07,0.04613361466001271,0.04613404466846435,44.51595510030691,0.03822522254548711
P5_PRIORITARIAN_lowest_climate_risk__scenario_3,5,P5_PRIORITARIAN_lowest_climate_risk,PRIORITARIAN,lowest_climate_risk,3,15,2.1898347429414265e-06,6.878255599912023e-05,0.0809302200157602,0.1937532901779199,0.08093240985050312,0.19375331859521822,23.149765538358277,0.03864786840309338,3.472979242210518,3.886196477328156,1.0,248.2,-498.9746017018816,9.68500631142234e-06,0.01867187320776222,0.018681558214073645,12.358484819940072,0.03864786840309338,1.9160897790195128,7.526608339515616e-07,0.05269748093722469,0.05269823359805863,21.45640232299876,0.03864786840309338
P5_PRIORITARIAN_lowest_climate_risk__scenario_4,5,P5_PRIORITARIAN_lowest_climate_risk,PRIORITARIAN,lowest_climate_risk,4,15,2.2407264698237397e-06,6.937575911818816e-05,0.053253849899373124,0.1226409037178752,0.05325609062584295,0.12264091729028591,62.36892132147941,0.03882505943516011,3.002670815371132,3.393177877569025,1.0,245.4,-502.9131584576512,1.0258364390599894e-05,0.017561067608586757,0.017571325972977354,17.074551181582127,0.03882502691017517,1.8645108172946547,7.795065412815678e-07,0.041810888606440666,0.04181166811298194,44.40562087503428,0.03882505943516011
P5_PRIORITARIAN_lowest_climate_risk__scenario_5,5,P5_PRIORITARIAN_lowest_climate_risk,PRIORITARIAN,lowest_climate_risk,5,15,2.212964940750015e-06,6.943344531424838e-05,0.05537618907814227,0.12427232534455465,0.05537840204308301,0.12427233893531574,62.15016553200673,0.03842507821604051,3.1288755818268283,3.527073059595147,1.0,248.33333333333334,-503.3218676183887,1.005572175039552e-05,0.018888876715839876,0.01889893243759027,17.045773097061772,0.03842507821604051,1.9249020112921924,7.648503424619738e-07,0.04480201224097123,0.0448027770913137,44.21071340915155,0.03842507821604051
P5_PRIORITARIAN_lowest_climate_risk__scenario_6,5,P5_PRIORITARIAN_lowest_climate_risk,PRIORITARIAN,lowest_climate_risk,6,15,1.783840336493963e-06,6.152455041953463e-05,0.10333857632729816,0.26281591485821126,0.10334036016763466,0.26281592679393123,103.68254674408715,0.036313761975702616,3.7398035313125826,4.28954615399395,1.0,255.66666666666666,-381.5276032687076,7.8275466366355e-06,0.024427391141663004,0.024435218688299634,26.004131280340637,0.036313761975702616,2.1752079993562865,5.31184818226578e-07,0.059143296006815956,0.059143827191634184,76.61366357193761,0.036313761975702616
P5_PRIORITARIAN_lowest_climate_risk__scenario_7,5,P5_PRIORITARIAN_lowest_climate_risk,PRIORITARIAN,lowest_climate_risk,7,15,1.7854104561984817e-06,6.152466259549437e-05,0.11385758957050034,0.2719914307240142,0.11385937498095652,0.27199144272733355,101.58702129625877,0.036324045881254964,4.347469893202035,4.921149497438904,1.0,256.73333333333335,-382.1102528809753,7.832061197035538e-06,0.024736344394128817,0.024744176455325857,25.995614736051333,0.036324045881254964,2.194526318413601,5.343145473475698e-07,0.07392309234211851,0.07392362665666585,75.01042011343307,0.036324045881254964
P6_PRIORITARIAN_compromise__scenario_0,6,P6_PRIORITARIAN_compromise,PRIORITARIAN,compromise,0,15,0.008197857166947781,0.10244244231305893,0.018738974936361952,0.061678001250387963,0.02693683210330973,0.12194771961514646,61.78825571868458,0.9779463841195716,1.8573141970906026,2.183988232171894,0.3333333333333333,126.73333333333333,-398.8173567227616,0.08127615919476422,0.013936435191300162,0.0952125943860644,19.57579838154376,0.9381893388246674,1.6821947041042997,0.003933508347741411,0.015803456285488512,0.019736964633229926,49.88701025909938,0.9675622514597033
P6_PRIORITARIAN_compromise__scenario_1,6,P6_PRIORITARIAN_compromise,PRIORITARIAN,compromise,1,15,0.008202264712419928,0.10246674266465339,0.018814298306499173,0.06155010993145517,0.027016563018919106,0.12014748073030872,61.78192165440622,0.9748531150684837,1.8708014317002717,2.1951563621588925,0.3333333333333333,127.46666666666667,-398.82267354305145,0.08119221967224445,0.014094069968852941,0.09528628964109737,19.574594765109982,0.9381875788734041,1.6906997227947387,0.003947226966035069,0.016096355993380097,0.020043582959415166,49.86500244957365,0.9683481027078087
P6_PRIORITARIAN_compromise__scenario_2,6,P6_PRIORITARIAN_compromise,PRIORITARIAN,compromise,2,15,0.01079419759251554,0.11812164633466035,0.03528716747805614,0.09406133492049719,0.04608136507057168,0.133251147480744,62.70745251619114,0.9795193302825671,2.2407066765230708,2.580847411759035,0.8666666666666667,222.2,-412.3986164431121,0.09584245304574464,0.016058047642201395,0.11190050068794602,15.37852909339313,0.9444354027119659,1.785464513523545,0.006312767923157361,0.024341049987139884,0.030653817910297247,45.20120401888277,0.9778207264555333
P6_PRIORITARIAN_compromise__scenario_3,6,P6_PRIORITARIAN_compromise,PRIORITARIAN,compromise,3,15,0.014979600553907521,0.14385784824819067,0.04423829230698136,0.10794690838232306,0.059217892860888875,0.1621159942060487,24.34274726513143,0.9760872362972332,2.575314325734125,2.849327821389638,0.9333333333333333,236.06666666666666,-494.1959935409992,0.12019051174365374,0.01582091801347744,0.13601142975713118,10.653019804654402,0.9431441907385664,1.7768315193718331,0.010762634649517542,0.031811241579399255,0.0425738762289168,21.560669749087424,0.9760872362972332
P6_PRIORITARIAN_compromise__scenario_4,6,P6_PRIORITARIAN_compromise,PRIORITARIAN,compromise,4,15,0.015181151933824409,0.15262568247162217,0.029237972815433087,0.07859611453740252,0.044419124749257494,0.16430210174683885,64.58829427354208,0.9787342602708883,2.2849862811225217,2.568234191612821,0.8666666666666667,214.33333333333334,-498.99241370966274,0.12273159893648537,0.014984083835232895,0.13771568277171828,14.646682440822486,0.9373927966099256,1.7383305829297702,0.01122660379196548,0.025350867080440286,0.036577470872405766,44.27725621325879,0.9787342602708883
P6_PRIORITARIAN_compromise__scenario_5,6,P6_PRIORITARIAN_compromise,PRIORITARIAN,compromise,5,15,0.0154866970148523,0.15400635809751426,0.031200309651494732,0.08084335910299964,0.04668700666634703,0.1699982298550336,64.37451179236318,0.9784648748380643,2.403983755467207,2.71080413233021,0.9333333333333333,226.0,-499.36800690079116,0.12754426167726832,0.016312482403087584,0.14385674408035592,14.53439016634958,0.9446127322071021,1.7993201067550473,0.01122782801154971,0.028083730638730462,0.039311558650280166,44.08777850728599,0.9784648748380643
P6_PRIORITARIAN_compromise__scenario_6,6,P6_PRIORITARIAN_compromise,PRIORITARIAN,compromise,6,15,0.01302734261074844,0.1340926937716596,0.045835014235821946,0.1241008337169602,0.058862356846570395,0.15524876327767181,115.40709656206444,0.9749639815796358,2.362619446634567,2.7405340015025623,0.8666666666666667,237.4,-379.41160774443625,0.1070721742157877,0.020713051228224068,0.12778522544401177,22.75095447247604,0.9376567956560371,1.9953840351394028,0.008498112179338662,0.027076819759768875,0.03557493193910753,78.55080316444142,0.9749639815796358
P6_PRIORITARIAN_compromise__scenario_7,6,P6_PRIORITARIAN_compromise,PRIORITARIAN,compromise,7,15,0.01296795316844427,0.13431108028096644,0.05649009284170703,0.13422097467702704,0.06945804601015129,0.15528160774165606,113.20122149824631,0.971869223101884,2.985097114523881,3.400704529025994,1.0,251.13333333333333,-379.93342570354486,0.10716420230661375,0.021002886199679167,0.1281670885062929,22.740693222849227,0.9377812001111745,2.0146871257390684,0.008418381377965687,0.041355190991893456,0.04977357236985914,77.00643550336665,0.971869223101884
P7_PRIORITARIAN_compromise__scenario_0,7,P7_PRIORITARIAN_compromise,PRIORITARIAN,compromise,0,15,0.009067963286235145,0.10424779326687009,0.018502633342694245,0.06139136441639692,0.02757059662892939,0.1225831687509691,61.774414705432704,0.9808048145650201,1.8457765443538614,2.1825459084548613,0.3333333333333333,124.93333333333334,-398.8288776934854,0.09240249305294147,0.013905416439056318,0.10630790949199781,19.31012370836322,0.9653174180726158,1.6806062903710843,0.004189409170982791,0.015551247237071856,0.01974065640805465,49.85941356270123,0.9808048145650201
P7_PRIORITARIAN_compromise__scenario_1,7,P7_PRIORITARIAN_compromise,PRIORITARIAN,compromise,1,15,0.009063842778024193,0.10434658256449486,0.018571381240023152,0.06099945871882033,0.027635224018047345,0.12222041801643149,61.7690343143327,0.9809191421124428,1.8592545374604774,2.1881917465703125,0.3333333333333333,126.0,-398.83398507933737,0.09169046159730103,0.014062695387977652,0.10575315698527868,19.323585504277748,0.9637195471356751,1.6891037962330275,0.004192371522703426,0.015843155635112717,0.020035527157816143,49.837939240778105,0.9809191421124428
P7_PRIORITARIAN_compromise__scenario_2,7,P7_PRIORITARIAN_compromise,PRIORITARIAN,compromise,2,15,0.011278916069827803,0.11908953243694641,0.035137512584527304,0.09371578115222812,0.046416428654355114,0.13703743909411711,62.70677419156061,0.9813893594533117,2.2337265504662898,2.5728080813474556,0.8666666666666667,220.66666666666666,-412.413374811107,0.10204802110468487,0.016022569790637778,0.11807059089532264,15.256795752435874,0.9576869347750101,1.7837488641747583,0.006424143351790202,0.024185337658159403,0.030609481009949605,45.19334746540569,0.9813893594533117
P7_PRIORITARIAN_compromise__scenario_3,7,P7_PRIORITARIAN_compromise,PRIORITARIAN,compromise,3,15,0.015676015680887587,0.14974798368957232,0.044002364096727746,0.10708899216814582,0.05967837977761533,0.1673716911044356,24.33690375175195,0.9814033963836574,2.5681041641020204,2.8474222943373992,0.9333333333333333,235.33333333333334,-494.20716835002327,0.12818815587192003,0.01578340284828097,0.14397155872020098,10.542120948106144,0.9561571470460886,1.775071294655271,0.011052384376621342,0.03164699789439426,0.0426993822710156,21.54800387677923,0.9814033963836574
P7_PRIORITARIAN_compromise__scenario_4,7,P7_PRIORITARIAN_compromise,PRIORITARIAN,compromise,4,15,0.01608496513650174,0.15717145016376333,0.02909895214547802,0.07827895401977969,0.04518391728197976,0.17371577139051672,64.57231133333488,0.9812206179548078,2.2781417242920763,2.5635673406244885,0.8666666666666667,212.53333333333333,-498.9873140709864,0.13654950473777766,0.014947944340781616,0.15149744907855928,14.390067020717144,0.9587377661538207,1.7366227077698777,0.011369910888628492,0.025196707848079695,0.03656661873670818,44.2536431865186,0.9812206179548078
P7_PRIORITARIAN_compromise__scenario_5,7,P7_PRIORITARIAN_compromise,PRIORITARIAN,compromise,5,15,0.01603484582275791,0.15727954643578868,0.031091981670040125,0.08027800760523938,0.04712682749279802,0.1752119518298233,64.36773365115754,0.9810290966894498,2.399630780369142,2.7048297563998367,0.9333333333333333,225.26666666666668,-499.36096134265904,0.13461437233430446,0.016279267308640225,0.15089363964294472,14.397365566921552,0.9556468079764322,1.7977623276132804,0.011373249850685005,0.027985042171348107,0.039358292022033114,44.0717039114141,0.9810290966894498
P7_PRIORITARIAN_compromise__scenario_6,7,P7_PRIORITARIAN_compromise,PRIORITARIAN,compromise,6,15,0.013454775824750225,0.1364217576346624,0.045372405452928276,0.11868423583873774,0.05882718127767851,0.1581849210678266,115.48339397600249,0.9799030543708922,2.353036321027543,2.7374437688174975,0.8666666666666667,237.0,-379.4107383218658,0.11210897501537041,0.020676841897693796,0.1327858169130642,22.601124321380805,0.9468506934686841,1.9936354905355367,0.008706610422842246,0.026860531983751164,0.035567142406593415,78.53375843760497,0.9799030543708922
P7_PRIORITARIAN_compromise__scenario_7,7,P7_PRIORITARIAN_compromise,PRIORITARIAN,compromise,7,15,0.01348256945420452,0.13635015535673845,0.05572388218507088,0.1285502496695852,0.06920645163927541,0.15906734986615267,113.33771094611672,0.9801994814489028,2.9710299978362498,3.3686763117187013,1.0,251.13333333333333,-379.9260623948713,0.11210666851869723,0.020966623610440112,0.13307329212913735,22.593472107008576,0.9468095728327973,2.012944451655675,0.008763893592935461,0.041028270492345614,0.049792164085281074,76.97840406196525,0.9801994814489028
P8_PRIORITARIAN_compromise__scenario_0,8,P8_PRIORITARIAN_compromise,PRIORITARIAN,compromise,0,15,0.0003592366001283902,0.009444788261776185,0.018172654575627396,0.060968708108567665,0.01853189117575579,0.06097312295397312,62.20542686369711,0.5611465446392713,1.8416948227386323,2.1847429885461467,0.3333333333333333,122.26666666666667,-398.7982925514382,0.002762194653805951,0.013848050466068074,0.016610245119874023,21.618824711569424,0.3790495965109493,1.6781641762915749,0.0002260721779658129,0.015464706497648048,0.015690778675613856,50.393777398307925,0.5084535408334511
P8_PRIORITARIAN_compromise__scenario_1,8,P8_PRIORITARIAN_compromise,PRIORITARIAN,compromise,1,15,0.0003351368161201305,0.007816331216093575,0.018248694670387835,0.06056625598482898,0.01858383148650796,0.06057095758183946,62.20002287369458,0.5622850131057471,1.8554710398384582,2.182157558521397,0.3333333333333333,122.8,-398.8038179092746,0.0023473421373139424,0.014006430519898954,0.016353772657212898,21.626762345037342,0.35468359396730237,1.6867110456600194,0.0002350372747031152,0.015763492916284996,0.01599853019098811,50.371645944113986,0.5137091966816568
P8_PRIORITARIAN_compromise__scenario_2,8,P8_PRIORITARIAN_compromise,PRIORITARIAN,compromise,2,15,0.00035708117246329807,0.0085416684558053,0.03475813193708152,0.09290063099742617,0.035115213109544824,0.0929150465622146,63.21119026265093,0.5566959365628075,2.2424510380927187,2.5783948345035945,0.8666666666666667,220.6,-412.36506289517746,0.0019042396315494012,0.01603183765934232,0.01793607729089173,17.315356625651322,0.3054655047829976,1.7844705006590482,0.00036883386953278594,0.02438755103284006,0.02475638490237285,45.84051691517137,0.5270488571120597
P8_PRIORITARIAN_compromise__scenario_3,8,P8_PRIORITARIAN_compromise,PRIORITARIAN,compromise,3,15,0.0005036541273923411,0.011169433710593207,0.04299281452930121,0.10450514263766876,0.04349646865669355,0.10452668317958759,24.747788948375558,0.5433935588252689,2.565751211802635,2.8636777888768483,0.9333333333333333,235.33333333333334,-494.0185364549589,0.002303128407278677,0.01575594855237246,0.018059076959651144,12.364535676858633,0.3007095709194541,1.774055964353832,0.0005706135126661816,0.03160000269754035,0.032170616210206525,22.07079894026227,0.5109083837398201
P8_PRIORITARIAN_compromise__scenario_4,8,P8_PRIORITARIAN_compromise,PRIORITARIAN,compromise,4,15,0.000517049411526342,0.01080665121577462,0.028340844393559345,0.07706506733083332,0.028857893805085688,0.07707714103905562,65.30056732525749,0.5568659214879028,2.2778052136955105,2.587651629949256,0.8666666666666667,209.33333333333334,-498.8462663376218,0.002734590004944158,0.014924260874833083,0.01765885087977724,17.06872259726679,0.31480359169662747,1.7357552096121944,0.0006640439713734187,0.02519829415368634,0.025862338125059763,45.38420519109992,0.5315616071069597
P8_PRIORITARIAN_compromise__scenario_5,8,P8_PRIORITARIAN_compromise,PRIORITARIAN,compromise,5,15,0.0005015134218391146,0.011667609091362776,0.030383699832551368,0.078896783751484,0.03088521325439049,0.07890869380994193,65.08839041940625,0.5560613180093374,2.4006692437083568,2.713906525263391,0.9333333333333333,224.0,-499.2279100739272,0.0024996443546361036,0.016257552492633425,0.01875719684726953,17.044462622504525,0.3002611142472488,1.7970744008465855,0.0006039733391445246,0.02801735160291256,0.028621324942057085,45.201719950196875,0.513058236056268
P8_PRIORITARIAN_compromise__scenario_6,8,P8_PRIORITARIAN_compromise,PRIORITARIAN,compromise,6,15,0.0004157950749306914,0.008783905243330234,0.04517027876046252,0.11633607044965993,0.04558607383539321,0.11635298497681926,116.45515122485358,0.5519597880515011,2.376866895002449,2.7494539252267725,0.8666666666666667,237.53333333333333,-379.3651221136162,0.0014854876398023382,0.020721723621224118,0.02220721126102646,26.067186194931484,0.2912894527673345,1.9961754741675533,0.0005354578096146941,0.027408795506211555,0.027944253315826246,79.988527467365,0.5353130901461093
P8_PRIORITARIAN_compromise__scenario_7,8,P8_PRIORITARIAN_compromise,PRIORITARIAN,compromise,7,15,0.000437096237400846,0.008694506210035348,0.0557802124434555,0.12651099641936045,0.056217308680856344,0.12653389977095583,114.24907270113472,0.5385131695495716,2.996431290905217,3.3991992397519235,1.0,251.26666666666668,-379.88694721216405,0.0015717613642194832,0.02101207964691115,0.02258384101113063,26.056663861055217,0.29243109873256945,2.0154827239592117,0.00045730611117031063,0.04162720782214814,0.04208451393331845,78.43303471754422,0.5121188330014141
