selected_label,source_welfare,selection_type,scenario,zaf_mean_abatement_burden_all_years,zaf_worst_abatement_burden_all_years,zaf_mean_damage_burden_all_years,zaf_worst_damage_burden_all_years,zaf_mean_total_burden_all_years,zaf_worst_total_burden_all_years,zaf_abatement_burden_2050,zaf_damage_burden_2050,zaf_total_burden_2050,zaf_ecr_2050,zaf_abatement_burden_2100,zaf_damage_burden_2100,zaf_total_burden_2100,zaf_ecr_2100
P0_PRIORITARIAN_best_welfare_within_frame,PRIORITARIAN,best_welfare_within_frame,0,0.0041931874061794305,0.09404990318025602,0.014680270919300444,0.0531139542549107,0.01887345832547988,0.11669892702922222,0.032816891336572604,0.013652545288528018,0.04646943662510063,0.7372540912308803,0.0025461901980365466,0.013756775740178787,0.016302965938215334,0.8415614430655278
P0_PRIORITARIAN_best_welfare_within_frame,PRIORITARIAN,best_welfare_within_frame,1,0.004178579124040069,0.07560249751526751,0.014702423935034748,0.05283653487705374,0.018881003059074815,0.09732417454798686,0.03191950617787329,0.013814815490696299,0.04573432166856959,0.7385585374629763,0.0026022990090606595,0.014019435591765465,0.016621734600826124,0.8492587373862298
P0_PRIORITARIAN_best_welfare_within_frame,PRIORITARIAN,best_welfare_within_frame,2,0.007301172976031272,0.10880413801520263,0.018987565326236668,0.05570191844426571,0.026288738302267935,0.12994013064468513,0.047206941104719034,0.015860675898677335,0.06306761700339637,0.7869425719829458,0.006033264089406341,0.020955757841962897,0.026989021931369237,0.9625559578205404
P0_PRIORITARIAN_best_welfare_within_frame,PRIORITARIAN,best_welfare_within_frame,3,0.010407565493777741,0.13835530407942226,0.03042156476030451,0.07685450742759103,0.04082913025408225,0.1599601727932536,0.05376413067570749,0.015561500816724638,0.06932563149243212,0.7703156344716546,0.01121096283732657,0.028380153848799508,0.03959111668612609,0.9848351238077561
P0_PRIORITARIAN_best_welfare_within_frame,PRIORITARIAN,best_welfare_within_frame,4,0.009425856062362428,0.12817264161788228,0.022451544991872904,0.06473756240782932,0.03187740105423533,0.14799961054619426,0.048036822300339906,0.014718581745429511,0.06275540404576943,0.7425905233099985,0.010804955681960911,0.02294973083022988,0.03375468651219079,0.9664934314144975
P0_PRIORITARIAN_best_welfare_within_frame,PRIORITARIAN,best_welfare_within_frame,5,0.010833582837009224,0.14518729220695184,0.024096563808739598,0.0664827885227071,0.03493014664574882,0.1669154537492831,0.06098678725742907,0.01603599715064577,0.07702278440807485,0.7841457583611938,0.01107742441763135,0.025333351972455474,0.03641077639008682,0.9748187731829036
P0_PRIORITARIAN_best_welfare_within_frame,PRIORITARIAN,best_welfare_within_frame,6,0.010998494021788673,0.13481264758301376,0.01943416469344445,0.05770293396372501,0.03043265871523312,0.15177567608782289,0.08497964419560483,0.02038662882238701,0.10536627301799185,0.875061093856544,0.008188319962830754,0.01920079574481177,0.027389115707642523,0.9621759437286779
P0_PRIORITARIAN_best_welfare_within_frame,PRIORITARIAN,best_welfare_within_frame,7,0.011200232542465337,0.1347677952777463,0.02996127169469798,0.06990361336065222,0.04116150423716332,0.15082205336154944,0.08518104865236034,0.020675152790478362,0.10585620144283871,0.875493419724475,0.008431851294930254,0.03291696071952925,0.041348812014459495,0.9717063783986017
P1_PRIORITARIAN_best_welfare_within_frame,PRIORITARIAN,best_welfare_within_frame,0,0.007883313204337866,0.09758155820912755,0.01477431458353488,0.05292857604238313,0.022657627787872746,0.12022235650295088,0.07686770335563767,0.013740704821940876,0.09060840817757855,0.928540664841052,0.0037290395098382354,0.013959859492540609,0.01768889900237884,0.9567413474746158
P1_PRIORITARIAN_best_welfare_within_frame,PRIORITARIAN,best_welfare_within_frame,1,0.007927202308934457,0.09767711884360673,0.014775561392593894,0.05262212081437956,0.022702763701528354,0.11892753301464029,0.07738191133052558,0.013908063224837912,0.09128997455536347,0.9299099542818904,0.0037441012444598336,0.014190413324654117,0.017934514569113953,0.9575685948787259
P1_PRIORITARIAN_best_welfare_within_frame,PRIORITARIAN,best_welfare_within_frame,2,0.010357992487607244,0.11233226882298697,0.01919135317405654,0.05594736767159511,0.029549345661663787,0.13438770191338684,0.09259547310928891,0.01596060988144529,0.1085560829907342,0.9385471578789918,0.006139598897952865,0.021147375991130552,0.027286974889083417,0.9725229944822084
P1_PRIORITARIAN_best_welfare_within_frame,PRIORITARIAN,best_welfare_within_frame,3,0.014409926570133265,0.1385933616738236,0.0309370337801081,0.07864286198221684,0.04534696035024137,0.1584599667795545,0.11458807109360677,0.01566786985264557,0.13025594094625237,0.9344769277240645,0.010632120132226,0.028616111327019134,0.03924823145924513,0.9739414670769269
P1_PRIORITARIAN_best_welfare_within_frame,PRIORITARIAN,best_welfare_within_frame,4,0.014498045570523229,0.14585871012523566,0.02269762263918386,0.06522762198528088,0.037195668209707086,0.16458584058313994,0.11857611830670317,0.014827868410803174,0.13340398671750636,0.9311645822823217,0.010921520867116443,0.023151760816661055,0.034073281683777504,0.9734662451742302
P1_PRIORITARIAN_best_welfare_within_frame,PRIORITARIAN,best_welfare_within_frame,5,0.01482102419728451,0.14571174746825274,0.02442061561518451,0.06709671427927527,0.03924163981246902,0.16541198013891717,0.12303496372799781,0.01613601382693185,0.13917097755492963,0.9383056195199472,0.010950910952786698,0.025557762455778302,0.036508673408565,0.973755277905265
P1_PRIORITARIAN_best_welfare_within_frame,PRIORITARIAN,best_welfare_within_frame,6,0.012704313792401055,0.1276518190982154,0.021719697445819183,0.07149468254550445,0.03442401123822023,0.1509507446251916,0.11184775246751147,0.020478416755285302,0.13232616922279677,0.946822783251876,0.008283434453783683,0.020094415395972304,0.02837784984975599,0.9702855743152494
P1_PRIORITARIAN_best_welfare_within_frame,PRIORITARIAN,best_welfare_within_frame,7,0.012648353321035907,0.12737699467513977,0.033439584070029144,0.08632197269003306,0.04608793739106505,0.150983256367275,0.11176811879428719,0.020767232022757324,0.1325353508170445,0.9467553720464876,0.00819339022463048,0.03423462043668439,0.042428010661314866,0.9668970413447217
P2_PRIORITARIAN_best_welfare_within_frame,PRIORITARIAN,best_welfare_within_frame,0,0.004128048367312857,0.09267571009846103,0.014991870825965405,0.053507707695252156,0.019119919193278264,0.11535824649708638,0.032077229672310324,0.013725591786352203,0.04580282145866253,0.730373102176819,0.0025516578872763207,0.014100631917178318,0.016652289804454636,0.8438668251973124
P2_PRIORITARIAN_best_welfare_within_frame,PRIORITARIAN,best_welfare_within_frame,1,0.004110135032706427,0.07402171204783853,0.015005367697820904,0.05326629835080486,0.01911550273052733,0.09466051865374289,0.031009486779237854,0.013891478197696754,0.044900964976934604,0.730445890364107,0.002591153997233685,0.014358788637313429,0.016949942634547115,0.849733583877338
P2_PRIORITARIAN_best_welfare_within_frame,PRIORITARIAN,best_welfare_within_frame,2,0.007218080589482211,0.10559360099820143,0.0192661731669109,0.05618230127304444,0.02648425375639311,0.12680952264083434,0.04642179704089259,0.01594956380419047,0.06237136084508306,0.7819605270033045,0.006049894387068409,0.021275466652938647,0.027325361040007053,0.9645339542665262
P2_PRIORITARIAN_best_welfare_within_frame,PRIORITARIAN,best_welfare_within_frame,3,0.0103150610682746,0.13578709379766868,0.030809848922610406,0.07762782774963037,0.04112490999088501,0.15746700225129817,0.05329222392559714,0.015657839429711138,0.06895006335530827,0.7660289405181496,0.01101154150082082,0.028672094310099348,0.039683635810920166,0.9812118551382394
P2_PRIORITARIAN_best_welfare_within_frame,PRIORITARIAN,best_welfare_within_frame,4,0.009319347719089294,0.12679003886789478,0.022757519928143732,0.06532682545321347,0.032076867647233026,0.14668798349300555,0.04623836997645387,0.01479484628764264,0.06103321626409651,0.7352389549687854,0.010678160147250796,0.023209367617033985,0.03388752776428478,0.9648526259110273
P2_PRIORITARIAN_best_welfare_within_frame,PRIORITARIAN,best_welfare_within_frame,5,0.010750700269806353,0.14256948151631185,0.024372845952458352,0.06705967019083187,0.035123546222264705,0.1643463492758151,0.06079461301619899,0.016105318228652014,0.07689993124485099,0.7808761019288138,0.0109789499077403,0.025557405964235988,0.036536355871976296,0.9734926943458303
P2_PRIORITARIAN_best_welfare_within_frame,PRIORITARIAN,best_welfare_within_frame,6,0.010831031019043936,0.12987580765272377,0.019845030015169258,0.058586741682457394,0.030676061034213196,0.14980967734838144,0.08326510870005022,0.02046143123826324,0.10372653993831345,0.8698676300491894,0.008093861757886393,0.019499148267852578,0.02759301002573897,0.9613765027015987
P2_PRIORITARIAN_best_welfare_within_frame,PRIORITARIAN,best_welfare_within_frame,7,0.011102754784115263,0.13301809338591364,0.03059724310058084,0.07207888831368607,0.041699997884696104,0.14909157352897617,0.08398103801659401,0.020750349024434574,0.10473138704102856,0.8713949354714502,0.00832549719379348,0.03326590378452284,0.04159140097831631,0.9690271222814656
P3_PRIORITARIAN_lowest_climate_risk,PRIORITARIAN,lowest_climate_risk,0,1.3928584857829028e-07,3.755061222494508e-06,0.03481231661659459,0.0884498779225909,0.03481245590244317,0.08844987971468682,4.903364131651958e-07,0.01646342796251795,0.016463918298931113,0.010471631946101647,3.120077777251837e-08,0.028769378303471878,0.028769409504249655,0.012617683404790477
P3_PRIORITARIAN_lowest_climate_risk,PRIORITARIAN,lowest_climate_risk,1,1.3905155869270493e-07,3.753974137993072e-06,0.03490947579064596,0.08811925787101829,0.03490961484220465,0.08811925963916624,4.888733081284334e-07,0.016631756058036698,0.016632244931344825,0.01045661287544087,3.131771221908641e-08,0.02909810451464745,0.029098135832359668,0.012674716885800867
P3_PRIORITARIAN_lowest_climate_risk,PRIORITARIAN,lowest_climate_risk,2,2.896646807069388e-07,3.902744790749549e-06,0.07304839747920343,0.18300307234135216,0.07304868714388414,0.1830034320837339,5.612428924542986e-07,0.019296847851773304,0.019297409094665756,0.010477768986424971,1.285287306977783e-07,0.047611669292380886,0.04761179782111158,0.020393528290793626
P3_PRIORITARIAN_lowest_climate_risk,PRIORITARIAN,lowest_climate_risk,3,5.530954994612969e-07,4.162570973883264e-06,0.08331385340421678,0.19888162034125934,0.08331440649971625,0.19888237562008576,7.022333397940214e-07,0.019157018880390623,0.019157721113730417,0.010440103447424008,2.995558006034087e-07,0.05450898752750722,0.054509287083307836,0.023951318820047376
P3_PRIORITARIAN_lowest_climate_risk,PRIORITARIAN,lowest_climate_risk,4,2.3220938863806004e-07,4.230767608688919e-06,0.05428148535648459,0.12488468990290812,0.05428171756587323,0.12488475428503937,7.333350048120161e-07,0.017924200166131127,0.01792493350113594,0.010411147238535043,1.306440907391852e-07,0.04278415483844016,0.0427842854825309,0.015301667079192652
P3_PRIORITARIAN_lowest_climate_risk,PRIORITARIAN,lowest_climate_risk,5,2.4063261802769207e-07,4.2307688290623794e-06,0.05632919510193039,0.12629420319702492,0.05632943573454842,0.1262942712683837,7.396038260545794e-07,0.01924532424693913,0.01924606385076518,0.010452968678460578,8.738284471657619e-08,0.04574156413758072,0.04574165152042543,0.012895794422244356
P3_PRIORITARIAN_lowest_climate_risk,PRIORITARIAN,lowest_climate_risk,6,8.045240165097529e-07,6.538010188358912e-06,0.10512851731011356,0.2607824860599852,0.10512932183413007,0.260784193966396,7.188616804638515e-07,0.024994467954133837,0.024995186815814297,0.011006986870249669,3.5459154015423393e-07,0.06116528724958533,0.06116564184112548,0.028935966326688337
P3_PRIORITARIAN_lowest_climate_risk,PRIORITARIAN,lowest_climate_risk,7,1.0885599619348493e-06,8.212015451312984e-06,0.11503755288370361,0.2684052218246497,0.11503864144366556,0.2684073605806868,7.188253125100708e-07,0.02530516721225634,0.025305886037568847,0.011007582680569295,6.803382726351387e-07,0.07568645654559829,0.07568713688387094,0.03976919244618462
P4_PRIORITARIAN_lowest_climate_risk,PRIORITARIAN,lowest_climate_risk,0,0.0004805362278618038,0.005449413894399178,0.02921934883142647,0.0793056701362924,0.02969988505928827,0.07930804015331641,0.003201827598099841,0.01519109737810232,0.018392924976202162,0.464750828565156,0.0001366564580231351,0.024388561731759236,0.02452521818978237,0.46483063866776464
P4_PRIORITARIAN_lowest_climate_risk,PRIORITARIAN,lowest_climate_risk,1,0.000480746675706282,0.005448550225448938,0.029302638613871404,0.078977461138031,0.02978338528957768,0.07897983067965296,0.003204443830921709,0.015350029648019712,0.018554473478941423,0.4648467914438101,0.00013671867585971975,0.024701947504805165,0.024838666180664885,0.46486711643135525
P4_PRIORITARIAN_lowest_climate_risk,PRIORITARIAN,lowest_climate_risk,2,0.0005707542060277688,0.005925902713810514,0.060517333443124655,0.15013626970093463,0.061088087649152426,0.1501443698682125,0.0036633932495726607,0.017729699857002606,0.02139309310657526,0.46484029204867877,0.00020914755204954648,0.04082048961636741,0.04102963716841696,0.46484885660132963
P4_PRIORITARIAN_lowest_climate_risk,PRIORITARIAN,lowest_climate_risk,3,0.0007441838930326918,0.0068327669906691,0.07154953093306585,0.16932392246077044,0.07229371482609853,0.1693374390282348,0.004617517114516347,0.017511751701960936,0.022129268816477286,0.46478873142947535,0.0003578711073212335,0.047813069955578096,0.048170941062899326,0.46479279824957215
P4_PRIORITARIAN_lowest_climate_risk,PRIORITARIAN,lowest_climate_risk,4,0.0007635068052723459,0.007031174342542278,0.046858420048756684,0.10947867416998816,0.04762192685402904,0.10948496570931308,0.004854231290549046,0.01647550314562234,0.021329734436171387,0.4648868991755584,0.00036794355343146935,0.03769618644660109,0.038064130000032545,0.46489698886007347
P4_PRIORITARIAN_lowest_climate_risk,PRIORITARIAN,lowest_climate_risk,5,0.0007630025861839035,0.007030979807513888,0.04894498691940391,0.11194190701942303,0.0497079895055878,0.11194820578918065,0.004851388184413291,0.017810062083863168,0.02266145026827646,0.46478169303355676,0.0003680572697813564,0.04065556823886564,0.041023625508647,0.4647877749658178
P4_PRIORITARIAN_lowest_climate_risk,PRIORITARIAN,lowest_climate_risk,6,0.0006605815001078832,0.006405395577212305,0.08886075257486634,0.22605480244964554,0.08952133407497424,0.2260636499115307,0.004204876999240879,0.022998686168461714,0.027203563167702595,0.4643231066508107,0.0002842926029313431,0.05115715124797815,0.0514414438509095,0.4643231066508107
P4_PRIORITARIAN_lowest_climate_risk,PRIORITARIAN,lowest_climate_risk,7,0.0006612544783407273,0.006405398766396148,0.09908891803776838,0.23428880008861347,0.09975017251610911,0.23429808426057266,0.004204986970157365,0.023303031748866065,0.02750801871902343,0.4643248977215279,0.0002857938703667077,0.06579823180859949,0.06608402567896622,0.4643248977215279
P5_PRIORITARIAN_lowest_climate_risk,PRIORITARIAN,lowest_climate_risk,0,1.4939026625898065e-06,5.580892010246301e-05,0.034094541565843156,0.08768648988219008,0.034096035468505745,0.08768649619156516,6.611106763520738e-06,0.016165568800218598,0.01617217990698212,0.038326811887624525,2.825704781501627e-07,0.028019757292705078,0.028020039863183226,0.038326811887624525
P5_PRIORITARIAN_lowest_climate_risk,PRIORITARIAN,lowest_climate_risk,1,1.5182178921794668e-06,5.6505919366187463e-05,0.034176898437230666,0.08731111632631186,0.03417841665512284,0.08731112271359756,6.686530341996578e-06,0.016328637032363442,0.016335323562705433,0.03854879833805862,2.858406970311777e-07,0.028337078915335132,0.028337364756032164,0.03854879833805862
P5_PRIORITARIAN_lowest_climate_risk,PRIORITARIAN,lowest_climate_risk,2,1.7336769298677555e-06,6.061940072275771e-05,0.07137491923663634,0.17989338494297666,0.07137665291356621,0.1798933999886683,7.512092988676982e-06,0.01884152357788631,0.018849035670874984,0.03822522254548711,4.3000845164000736e-07,0.04613361466001271,0.04613404466846435,0.03822522254548711
P5_PRIORITARIAN_lowest_climate_risk,PRIORITARIAN,lowest_climate_risk,3,2.1898347429414265e-06,6.878255599912023e-05,0.0809302200157602,0.1937532901779199,0.08093240985050312,0.19375331859521822,9.68500631142234e-06,0.01867187320776222,0.018681558214073645,0.03864786840309338,7.526608339515616e-07,0.05269748093722469,0.05269823359805863,0.03864786840309338
P5_PRIORITARIAN_lowest_climate_risk,PRIORITARIAN,lowest_climate_risk,4,2.2407264698237397e-06,6.937575911818816e-05,0.053253849899373124,0.1226409037178752,0.05325609062584295,0.12264091729028591,1.0258364390599894e-05,0.017561067608586757,0.017571325972977354,0.03882502691017517,7.795065412815678e-07,0.041810888606440666,0.04181166811298194,0.03882505943516011
P5_PRIORITARIAN_lowest_climate_risk,PRIORITARIAN,lowest_climate_risk,5,2.212964940750015e-06,6.943344531424838e-05,0.05537618907814227,0.12427232534455465,0.05537840204308301,0.12427233893531574,1.005572175039552e-05,0.018888876715839876,0.01889893243759027,0.03842507821604051,7.648503424619738e-07,0.04480201224097123,0.0448027770913137,0.03842507821604051
P5_PRIORITARIAN_lowest_climate_risk,PRIORITARIAN,lowest_climate_risk,6,1.783840336493963e-06,6.152455041953463e-05,0.10333857632729816,0.26281591485821126,0.10334036016763466,0.26281592679393123,7.8275466366355e-06,0.024427391141663004,0.024435218688299634,0.036313761975702616,5.31184818226578e-07,0.059143296006815956,0.059143827191634184,0.036313761975702616
P5_PRIORITARIAN_lowest_climate_risk,PRIORITARIAN,lowest_climate_risk,7,1.7854104561984817e-06,6.152466259549437e-05,0.11385758957050034,0.2719914307240142,0.11385937498095652,0.27199144272733355,7.832061197035538e-06,0.024736344394128817,0.024744176455325857,0.036324045881254964,5.343145473475698e-07,0.07392309234211851,0.07392362665666585,0.036324045881254964
P6_PRIORITARIAN_compromise,PRIORITARIAN,compromise,0,0.008197857166947781,0.10244244231305893,0.018738974936361952,0.061678001250387963,0.02693683210330973,0.12194771961514646,0.08127615919476422,0.013936435191300162,0.0952125943860644,0.9381893388246674,0.003933508347741411,0.015803456285488512,0.019736964633229926,0.9675622514597033
P6_PRIORITARIAN_compromise,PRIORITARIAN,compromise,1,0.008202264712419928,0.10246674266465339,0.018814298306499173,0.06155010993145517,0.027016563018919106,0.12014748073030872,0.08119221967224445,0.014094069968852941,0.09528628964109737,0.9381875788734041,0.003947226966035069,0.016096355993380097,0.020043582959415166,0.9683481027078087
P6_PRIORITARIAN_compromise,PRIORITARIAN,compromise,2,0.01079419759251554,0.11812164633466035,0.03528716747805614,0.09406133492049719,0.04608136507057168,0.133251147480744,0.09584245304574464,0.016058047642201395,0.11190050068794602,0.9444354027119659,0.006312767923157361,0.024341049987139884,0.030653817910297247,0.9778207264555333
P6_PRIORITARIAN_compromise,PRIORITARIAN,compromise,3,0.014979600553907521,0.14385784824819067,0.04423829230698136,0.10794690838232306,0.059217892860888875,0.1621159942060487,0.12019051174365374,0.01582091801347744,0.13601142975713118,0.9431441907385664,0.010762634649517542,0.031811241579399255,0.0425738762289168,0.9760872362972332
P6_PRIORITARIAN_compromise,PRIORITARIAN,compromise,4,0.015181151933824409,0.15262568247162217,0.029237972815433087,0.07859611453740252,0.044419124749257494,0.16430210174683885,0.12273159893648537,0.014984083835232895,0.13771568277171828,0.9373927966099256,0.01122660379196548,0.025350867080440286,0.036577470872405766,0.9787342602708883
P6_PRIORITARIAN_compromise,PRIORITARIAN,compromise,5,0.0154866970148523,0.15400635809751426,0.031200309651494732,0.08084335910299964,0.04668700666634703,0.1699982298550336,0.12754426167726832,0.016312482403087584,0.14385674408035592,0.9446127322071021,0.01122782801154971,0.028083730638730462,0.039311558650280166,0.9784648748380643
P6_PRIORITARIAN_compromise,PRIORITARIAN,compromise,6,0.01302734261074844,0.1340926937716596,0.045835014235821946,0.1241008337169602,0.058862356846570395,0.15524876327767181,0.1070721742157877,0.020713051228224068,0.12778522544401177,0.9376567956560371,0.008498112179338662,0.027076819759768875,0.03557493193910753,0.9749639815796358
P6_PRIORITARIAN_compromise,PRIORITARIAN,compromise,7,0.01296795316844427,0.13431108028096644,0.05649009284170703,0.13422097467702704,0.06945804601015129,0.15528160774165606,0.10716420230661375,0.021002886199679167,0.1281670885062929,0.9377812001111745,0.008418381377965687,0.041355190991893456,0.04977357236985914,0.971869223101884
P7_PRIORITARIAN_compromise,PRIORITARIAN,compromise,0,0.009067963286235145,0.10424779326687009,0.018502633342694245,0.06139136441639692,0.02757059662892939,0.1225831687509691,0.09240249305294147,0.013905416439056318,0.10630790949199781,0.9653174180726158,0.004189409170982791,0.015551247237071856,0.01974065640805465,0.9808048145650201
P7_PRIORITARIAN_compromise,PRIORITARIAN,compromise,1,0.009063842778024193,0.10434658256449486,0.018571381240023152,0.06099945871882033,0.027635224018047345,0.12222041801643149,0.09169046159730103,0.014062695387977652,0.10575315698527868,0.9637195471356751,0.004192371522703426,0.015843155635112717,0.020035527157816143,0.9809191421124428
P7_PRIORITARIAN_compromise,PRIORITARIAN,compromise,2,0.011278916069827803,0.11908953243694641,0.035137512584527304,0.09371578115222812,0.046416428654355114,0.13703743909411711,0.10204802110468487,0.016022569790637778,0.11807059089532264,0.9576869347750101,0.006424143351790202,0.024185337658159403,0.030609481009949605,0.9813893594533117
P7_PRIORITARIAN_compromise,PRIORITARIAN,compromise,3,0.015676015680887587,0.14974798368957232,0.044002364096727746,0.10708899216814582,0.05967837977761533,0.1673716911044356,0.12818815587192003,0.01578340284828097,0.14397155872020098,0.9561571470460886,0.011052384376621342,0.03164699789439426,0.0426993822710156,0.9814033963836574
P7_PRIORITARIAN_compromise,PRIORITARIAN,compromise,4,0.01608496513650174,0.15717145016376333,0.02909895214547802,0.07827895401977969,0.04518391728197976,0.17371577139051672,0.13654950473777766,0.014947944340781616,0.15149744907855928,0.9587377661538207,0.011369910888628492,0.025196707848079695,0.03656661873670818,0.9812206179548078
P7_PRIORITARIAN_compromise,PRIORITARIAN,compromise,5,0.01603484582275791,0.15727954643578868,0.031091981670040125,0.08027800760523938,0.04712682749279802,0.1752119518298233,0.13461437233430446,0.016279267308640225,0.15089363964294472,0.9556468079764322,0.011373249850685005,0.027985042171348107,0.039358292022033114,0.9810290966894498
P7_PRIORITARIAN_compromise,PRIORITARIAN,compromise,6,0.013454775824750225,0.1364217576346624,0.045372405452928276,0.11868423583873774,0.05882718127767851,0.1581849210678266,0.11210897501537041,0.020676841897693796,0.1327858169130642,0.9468506934686841,0.008706610422842246,0.026860531983751164,0.035567142406593415,0.9799030543708922
P7_PRIORITARIAN_compromise,PRIORITARIAN,compromise,7,0.01348256945420452,0.13635015535673845,0.05572388218507088,0.1285502496695852,0.06920645163927541,0.15906734986615267,0.11210666851869723,0.020966623610440112,0.13307329212913735,0.9468095728327973,0.008763893592935461,0.041028270492345614,0.049792164085281074,0.9801994814489028
P8_PRIORITARIAN_compromise,PRIORITARIAN,compromise,0,0.0003592366001283902,0.009444788261776185,0.018172654575627396,0.060968708108567665,0.01853189117575579,0.06097312295397312,0.002762194653805951,0.013848050466068074,0.016610245119874023,0.3790495965109493,0.0002260721779658129,0.015464706497648048,0.015690778675613856,0.5084535408334511
P8_PRIORITARIAN_compromise,PRIORITARIAN,compromise,1,0.0003351368161201305,0.007816331216093575,0.018248694670387835,0.06056625598482898,0.01858383148650796,0.06057095758183946,0.0023473421373139424,0.014006430519898954,0.016353772657212898,0.35468359396730237,0.0002350372747031152,0.015763492916284996,0.01599853019098811,0.5137091966816568
P8_PRIORITARIAN_compromise,PRIORITARIAN,compromise,2,0.00035708117246329807,0.0085416684558053,0.03475813193708152,0.09290063099742617,0.035115213109544824,0.0929150465622146,0.0019042396315494012,0.01603183765934232,0.01793607729089173,0.3054655047829976,0.00036883386953278594,0.02438755103284006,0.02475638490237285,0.5270488571120597
P8_PRIORITARIAN_compromise,PRIORITARIAN,compromise,3,0.0005036541273923411,0.011169433710593207,0.04299281452930121,0.10450514263766876,0.04349646865669355,0.10452668317958759,0.002303128407278677,0.01575594855237246,0.018059076959651144,0.3007095709194541,0.0005706135126661816,0.03160000269754035,0.032170616210206525,0.5109083837398201
P8_PRIORITARIAN_compromise,PRIORITARIAN,compromise,4,0.000517049411526342,0.01080665121577462,0.028340844393559345,0.07706506733083332,0.028857893805085688,0.07707714103905562,0.002734590004944158,0.014924260874833083,0.01765885087977724,0.31480359169662747,0.0006640439713734187,0.02519829415368634,0.025862338125059763,0.5315616071069597
P8_PRIORITARIAN_compromise,PRIORITARIAN,compromise,5,0.0005015134218391146,0.011667609091362776,0.030383699832551368,0.078896783751484,0.03088521325439049,0.07890869380994193,0.0024996443546361036,0.016257552492633425,0.01875719684726953,0.3002611142472488,0.0006039733391445246,0.02801735160291256,0.028621324942057085,0.513058236056268
P8_PRIORITARIAN_compromise,PRIORITARIAN,compromise,6,0.0004157950749306914,0.008783905243330234,0.04517027876046252,0.11633607044965993,0.04558607383539321,0.11635298497681926,0.0014854876398023382,0.020721723621224118,0.02220721126102646,0.2912894527673345,0.0005354578096146941,0.027408795506211555,0.027944253315826246,0.5353130901461093
P8_PRIORITARIAN_compromise,PRIORITARIAN,compromise,7,0.000437096237400846,0.008694506210035348,0.0557802124434555,0.12651099641936045,0.056217308680856344,0.12653389977095583,0.0015717613642194832,0.02101207964691115,0.02258384101113063,0.29243109873256945,0.00045730611117031063,0.04162720782214814,0.04208451393331845,0.5121188330014141
