center 0,center 1,center 2,center 3,center 4,center 5,center 6,center 7,radii 0,radii 1,radii 2,radii 3,radii 4,radii 5,radii 6,radii 7,weights 0,weights 1,weights 2,weights 3,weights 4,weights 5,weights 6,weights 7,weights 8,weights 9,weights 10,weights 11,weights 12,weights 13,weights 14,weights 15,weights 16,weights 17,weights 18,weights 19,weights 20,weights 21,weights 22,weights 23,weights 24,weights 25,weights 26,weights 27,weights 28,weights 29,weights 30,weights 31,weights 32,weights 33,weights 34,weights 35,weights 36,weights 37,weights 38,weights 39,weights 40,weights 41,weights 42,weights 43,weights 44,weights 45,weights 46,weights 47,weights 48,weights 49,weights 50,weights 51,weights 52,weights 53,weights 54,weights 55,weights 56,weights 57,weights 58,weights 59,weights 60,weights 61,weights 62,weights 63,weights 64,weights 65,weights 66,weights 67,weights 68,weights 69,weights 70,weights 71,weights 72,weights 73,weights 74,weights 75,weights 76,weights 77,weights 78,weights 79,weights 80,weights 81,weights 82,weights 83,weights 84,weights 85,weights 86,weights 87,weights 88,weights 89,weights 90,weights 91,weights 92,weights 93,weights 94,weights 95,weights 96,weights 97,weights 98,weights 99,weights 100,weights 101,weights 102,weights 103,weights 104,weights 105,weights 106,weights 107,weights 108,weights 109,weights 110,weights 111,weights 112,weights 113,weights 114,weights 115,weights 116,weights 117,weights 118,weights 119,weights 120,weights 121,weights 122,weights 123,weights 124,weights 125,weights 126,weights 127,weights 128,weights 129,weights 130,weights 131,weights 132,weights 133,weights 134,weights 135,weights 136,weights 137,weights 138,weights 139,weights 140,weights 141,weights 142,weights 143,weights 144,weights 145,weights 146,weights 147,weights 148,weights 149,weights 150,weights 151,weights 152,weights 153,weights 154,weights 155,weights 156,weights 157,weights 158,weights 159,weights 160,weights 161,weights 162,weights 163,weights 164,weights 165,weights 166,weights 167,weights 168,weights 169,weights 170,weights 171,weights 172,weights 173,weights 174,weights 175,weights 176,weights 177,weights 178,weights 179,weights 180,weights 181,weights 182,weights 183,weights 184,weights 185,weights 186,weights 187,weights 188,weights 189,weights 190,weights 191,weights 192,weights 193,weights 194,weights 195,weights 196,weights 197,weights 198,weights 199,weights 200,weights 201,weights 202,weights 203,weights 204,weights 205,weights 206,weights 207,weights 208,weights 209,weights 210,weights 211,weights 212,weights 213,weights 214,weights 215,weights 216,weights 217,weights 218,weights 219,weights 220,weights 221,weights 222,weights 223,weights 224,weights 225,weights 226,weights 227,welfare,fraction_above_threshold,welfare_loss_damage,welfare_loss_abatement
-0.16702900891803285,0.2648463108262682,0.20135794756530379,-0.0971228398594508,0.6483796978504945,0.20582842829622905,-0.7766049814728846,0.37472409794626005,0.2449697187444695,0.8379074850722213,0.4145491726093936,0.006740868823158164,0.5039640290754005,0.8352394021791715,0.8353925167082505,0.07980024855311629,0.5860752498664538,0.507116840225372,0.19924146624155326,0.3678470493731688,0.9420680606650671,0.5385150492072844,0.02542419358618664,0.10279902379126737,0.8956542128641495,0.663654279613534,0.2655180287811709,0.5191083770935351,0.7746541441500149,0.42540499303742674,0.5878114612957736,0.07510949761503938,0.49151646442445673,0.8840193510059887,0.4322791216500035,0.6434205158675036,0.045806083433260425,0.2058151101905511,0.5694535225143585,0.1251776019354346,0.010562665782894887,0.7324653812840477,0.9211791083251105,0.12546178114235962,0.35669622297871506,0.9292816942852886,0.8921021335593659,0.09049868669079031,0.8279303263495686,0.31331475949157883,0.04118193551798599,0.4476465569926128,0.9466291593148219,0.9369656893624858,0.311055905686751,0.9387767131583817,0.15895244865950942,0.1200223930875931,0.6776770330905589,0.025309836477533154,0.2624005912212036,0.39800170337494156,0.8588285543115702,0.913980974313386,0.00903102484141105,0.28296892246442007,0.6026282167848194,0.25049670485858067,0.018720601343729104,0.021121599075908493,0.8080822226842832,0.42573255971928015,0.09454520827012747,0.2853101667272374,0.5787497425235261,0.9834642243662538,0.5720218261594635,0.3678965223350855,0.032117131097528895,0.9588689072790771,0.2961466519782937,0.16854544759752588,0.7961225695669033,0.17669961263226486,0.42369050500425876,0.841026601616464,0.9181197535584825,0.39181564663411983,0.358888187322568,0.2822665364115732,0.13088746828834275,0.15086028081325797,0.8622769666175132,0.5980079193858071,0.15745057205894042,0.6817226896828527,0.20452439969160285,0.3328773662034181,0.419409506892236,0.01765559329484878,0.3923548107572986,0.545175060738814,0.8118071011244149,0.4815891580183921,0.6941223956933695,0.10015301370223462,0.1440623591833614,0.9390618743646304,0.854955954504755,0.43489284886530244,0.9253709337672196,0.466775058110366,0.05806148279887546,0.7176780406715763,0.5862647928629241,0.386999076212183,0.7865698812656606,0.5059077892376591,0.3547552461801564,0.09484699765481008,0.48866030264466276,0.05914953856719918,0.28066573807521267,0.49382138435610856,0.8434070257342365,0.7813166822830092,0.35394609127482823,0.6318791501558058,0.20480978290260599,0.1562603809855535,0.29660817183304256,0.1868873677323024,0.15081810041136812,0.35012699297391625,0.089710951979182,0.25597236914579236,0.38664512131314155,0.5543242167095013,0.39760592292774877,0.7957774881446122,0.9833683136394181,0.07036577376320963,0.5082117707100329,0.011966698351397631,0.46133431335632236,0.12307261986250084,0.03630464137826661,0.21055789015018478,0.8508044203174677,0.5390131854419058,0.2376662637594884,0.46221559579926164,0.742614929096301,0.86875742249897,0.011130867007889345,0.1747473431238471,0.660352180607206,0.7842653042256966,0.6584094965862206,0.9779334470353364,0.6116342926515073,0.14758071953309626,0.04104595951513279,0.5659119612611354,0.695411051671707,0.07371719992631032,0.8743631855087981,0.47627113491354,0.8551194642667467,0.5530742453177631,0.20324455851474743,0.48761930421804744,0.5979734549025654,0.01753970884355549,0.3322180829717416,0.5299959690068039,0.7445309092618759,0.21815213263143807,0.1427614486067723,0.3105694067398965,0.6184957435703375,0.9939289581102106,0.19040002335881767,0.7554746111054722,0.42855386587496014,0.6592687220861619,0.7663905360462083,0.9250176187547092,0.5038050597780844,0.210329333026553,0.8463202857801377,0.3827413011446271,0.2275402977206059,0.7252012719457448,0.059451199039528224,0.752994113111745,0.8163924182187485,0.17417575041073308,0.1353093006371896,0.23651425467428933,0.7203782513347112,0.09491414354157102,0.5612165879419816,0.4384496315733035,0.0708255555011359,0.40640697902930645,0.9772427930973033,0.22561352136623847,0.9006576384114371,0.7148716688653994,0.5972818977986919,0.8296184664949916,0.40342501053056634,0.6171052662542448,0.25353214055263784,0.8653163823227188,0.8886363649920413,0.9821629270851935,0.4200711296069075,0.7643340882860287,0.9213637540958057,0.8501616047789143,0.25986360834073374,0.053300347250856306,0.9618664875348245,0.5628592198848791,0.9632517110403379,0.38064471217068596,0.6839294331668156,0.8571717943344548,0.7628874861234254,0.7929952435356663,0.48322863797968874,0.9912130469913688,0.9208832033704698,0.26775682631189457,0.14774738877896199,0.09217948947224275,0.2727257899398695,0.9515381262710434,0.8445230037633042,0.8773116015092505,0.4067787690994752,0.015021163639210244,413.63882146063384,1.0,11693.38185473752,116885.98766930221
0.005358460763884826,-0.3695510017174041,0.1690583008743246,0.09643133832100848,0.1393727346739475,0.4306311671015026,0.07396002995773154,-0.2690133564456949,0.5201566172072328,0.509885768816253,0.4974842570698061,0.4963099582221403,0.36750690156104804,0.47112125802310445,0.4872789090610342,0.6196912253258567,0.511093243824394,0.4379289697142758,0.49054529687679155,0.4260199029954137,0.427688417835302,0.4194886943848917,0.49910732967198873,0.4512020358183141,0.523151481330883,0.6201583079660483,0.33188618710689044,0.6965989272839858,0.5191560502313644,0.5030201982061974,0.6010137488208355,0.399231200020362,0.5495417716566696,0.4458314250127564,0.5019499619954405,0.46522841148017086,0.2969514581680293,0.4015897851484397,0.5102811362179095,0.5535421748384909,0.5022412491902621,0.2647365534440199,0.4236885551952293,0.5265475960382072,0.6139670543023532,0.505542358314719,0.5367210884778214,0.5524833661889856,0.5688762733827545,0.300302924798633,0.5398566757612788,0.41113253696991053,0.4279971853843464,0.370212134245201,0.6266730032172145,0.5915576637291233,0.4669247004820661,0.3505026021679412,0.6711690937752264,0.4435449114864646,0.39415927151676056,0.3663928272243404,0.5664422509781221,0.42198487389887673,0.5585388060570305,0.48772054327062464,0.5270448448928944,0.530557841233271,0.4553669783520777,0.40108392954518207,0.50449692524103,0.3416609936590595,0.4138247550068652,0.6176177161958069,0.4237855192490467,0.6492149429796563,0.5682028214133287,0.5861501290476113,0.42308652462328017,0.35980779484615977,0.7244887585103424,0.5849603360764813,0.5575403123938222,0.43883508551757494,0.5001597413956012,0.6328422761946586,0.4642094993135448,0.3296113976205888,0.3407002410104888,0.38920120939438496,0.5191683637164417,0.5920230842300035,0.6807237316099568,0.4466359929892998,0.34464324067425234,0.44100780761238184,0.5714171679604411,0.5443911669541898,0.3397649972934066,0.5913232399643188,0.4972871927383468,0.45936210418561296,0.42116296214099447,0.36247028902736955,0.37807296122129697,0.42720518089974024,0.675898174337825,0.6079629526974691,0.5009811876604602,0.5092316774741841,0.5843622664223078,0.48289272177976306,0.7445736610338494,0.5707934975188519,0.6053343542156027,0.4816850614849823,0.6084027688365272,0.613110194995118,0.48254880811466017,0.5614534616769609,0.3294577673821622,0.45743864841253473,0.4858573664656133,0.42707294565751963,0.4709922960817894,0.4073590327720871,0.6018328526827981,0.49459789171232527,0.4617070246539353,0.5970227553218507,0.3783258402720193,0.47355781076621273,0.5078141598392653,0.4869178440245885,0.4607877641538457,0.4208756738489865,0.3513251851441696,0.44529056730873245,0.40676676286437874,0.5406097746427951,0.5093262038130141,0.44657725535991016,0.6534702045778508,0.4312539782382268,0.6418755531347242,0.5539573013286303,0.6415616488923224,0.6545818569964301,0.49918794771183506,0.5778578619567876,0.5779923904987017,0.37992916943847344,0.43949361910286994,0.3355785950131387,0.5034203736145588,0.5143452972221798,0.4300963665761559,0.591028180748168,0.5350651161029062,0.6344399313919578,0.39167628417073785,0.5239999577849899,0.39611805644509657,0.4818244677589154,0.5948255891842531,0.5004050251808297,0.4573267927123532,0.3566106500921745,0.5020987288997638,0.4483591076273161,0.4604198946728212,0.5003640161464122,0.45842223507367647,0.5089829921912463,0.5059438135588964,0.43202454724509803,0.5871752068478738,0.7593402685851434,0.47861842411778127,0.3344619643387053,0.4746826263945527,0.5353673743739379,0.455133380747443,0.5361078811806728,0.5322980739263489,0.34910917895207605,0.4458697764180429,0.5570669423786934,0.5735786790449953,0.6159405145149369,0.36934346240353755,0.5581201354514794,0.648687539425404,0.4593587747286992,0.7031552529934874,0.4138070656965466,0.4692568167687038,0.4715279551048316,0.593324170198867,0.5238135500697121,0.3980465383248146,0.4373311609434475,0.4172299841089035,0.39289899204463896,0.5011679951108805,0.3743045436239071,0.6881233036284835,0.5324950868741444,0.5563379707826752,0.458102508632923,0.48778320673552183,0.4116070330572505,0.3910770495601576,0.3896000719093685,0.3592800906347511,0.5993077625840602,0.45633838513072733,0.496690997554758,0.5503248253068435,0.2902314473389562,0.6182470487753414,0.3421029958188754,0.4524813666848635,0.5209500743666032,0.3999562420206589,0.5607574938983763,0.506889213688814,0.35738953017183855,0.3818852932565253,0.50360564275836,0.44724416580080384,0.5860385404245511,0.5686416577554485,0.40801377226597724,0.41779871190141255,0.5094318535515547,0.37997187676080313,0.5058862642123267,0.7384280020111195,0.6345808607021282,0.5303531929099002,0.37605846357509437,0.5230524450353049,0.5984896600219872,411.6150557131698,0.7,23860.067701013057,14317.3374680437
0.6768313424587612,0.936259159910823,0.26007474953690624,0.051309549730740464,-0.4762915160181918,-1.0,-1.0,1.0,0.05121668648799529,0.0,0.0,0.37326901442990906,0.231474324293586,0.22220699431377772,0.6409322742365108,0.7923402308974862,0.27257366950764766,0.16087752346327194,0.4238350909960904,0.23974238917733268,0.7126841165341243,0.23250172647256237,0.647114404211292,0.14972999515237984,1.0,0.3575434649724173,0.5209472257525368,1.0,0.5998659948360474,0.4541148590241723,0.0,0.49104028353961715,0.9080975488500376,0.2886599662397926,0.31691404979881305,0.6698573625020215,0.5441506600423616,0.5747651180064045,0.671863902527339,0.0,0.3351977201972601,0.45885818889767516,0.7371840735775482,0.7002986428324881,0.0772776038340493,0.2935369054042751,0.0,0.8019588821918241,0.20898988301071958,0.0,0.9368223875744818,1.0,0.0,0.5039795716328769,0.23781095048670933,0.17435137546182713,0.20681286560038023,0.0,0.6022808152755426,0.5400592002127995,0.43423301811301157,0.6788044912361517,0.7142148484752834,0.3392755778947967,0.5991927131828423,0.7323758274863403,0.3161297036463125,1.0,0.27295672234650314,0.7784012447753615,1.0,0.611608087090854,0.41882466425471077,0.718988536070999,0.669481686758439,1.0,0.3527608043102722,0.39261263541268665,0.9330737974440987,0.9694898645549547,0.34345168560056194,1.0,1.0,0.07680425641967673,0.0,0.5795180882999578,0.5679285283327902,0.0,0.21446817721918868,0.8708359622339945,0.0,0.0,0.7788348162359238,0.7556486886845568,0.9254068449925046,0.44565573624610927,0.552669881747706,0.6630643678015639,0.3176023343289161,0.7315885348351883,0.7416641825734767,0.24153358639105976,0.5007205867239078,0.0,0.0,0.10509979828504176,0.7357537400363106,0.0,0.0,0.42062382589343694,1.0,0.6603441213963499,0.7079573958888488,0.0,1.0,0.4027061058617493,1.0,0.6814547893530445,0.07451677690843078,0.819868569982281,1.0,0.603497854444762,1.0,0.5449527581892106,1.0,0.410137063021212,0.7699528699462944,0.0,0.051974579491648444,1.0,0.0892542946891224,0.9026270711247851,0.3524598168272749,0.6914082353207129,0.6521207122420709,0.8719200960261752,0.0,0.5231666512082352,0.4006095043445642,0.0,0.6292112662616248,1.0,0.4457095925739368,0.07594956313045113,0.8930223642345368,0.653884437502053,0.36221187982991715,1.0,0.007717056560198648,0.35547508517442183,0.7270872198089643,0.6942697066419278,0.0,0.0,0.8380084345263653,0.6401033919209493,0.696696444610656,0.285816830708001,0.5637378775619536,0.5417024053973393,0.0,0.10288609635218296,0.0,0.37237832067198834,0.3973534907244274,0.47449225501501696,0.6464899122338218,0.48540715220951874,0.0,0.6036464340024614,0.08604400949270688,0.0,0.36592372169100706,0.08545593593147997,0.525147971783975,0.932731118381456,0.30717945178567735,0.5503171108170734,0.13075355795069168,1.0,0.5672915620333486,1.0,0.5083522490735959,0.6212151521751932,0.9906471302561387,0.0,0.8374632785191867,0.3443320239551421,0.7591811311026925,0.7527426265269934,0.6882903147589221,0.7982126651134613,0.7558296876685736,0.16393512468525903,0.31211877385910597,0.30486255524847766,0.0,0.49087520760174586,0.5534219220574794,1.0,0.7694132990580496,0.02119515139989344,0.5766472378282104,0.4828885002529682,0.1019686253227672,0.08322411183085891,0.8024266684692931,0.5742919380843982,0.9331645322405405,0.30191339231090963,0.9517319619936461,0.6956973969149752,0.8769673079991527,1.0,0.6127533049072833,0.17663162459668044,1.0,0.0,0.9681727670434661,0.0,0.4247849556768656,0.0,0.15035921177946326,0.0,0.3165061644445467,0.48315547753196125,0.0,1.0,0.4289083054100172,0.9393762869222134,1.0,0.0,1.0,1.0,0.44671879499178185,0.0,0.7120175533632064,0.46201156381750913,0.9874498555161827,0.8284787603843088,0.2142403365139683,0.32423788544507737,0.6226381908417475,0.6576952040310735,1000000.0,0.0,0.0,0.0
0.2652129878199873,0.7438950127514407,0.41434436074910813,1.0,-0.6075538150947986,0.8602261958153969,-0.1712499509184859,-0.5766002059527328,0.5444770472166787,0.9245162479202536,0.15954069041859395,1.0,0.06568023828302494,0.6996135255078959,0.40803741440410873,0.3523216556936988,0.2981832562638029,0.05291495028804136,0.5708625679373018,0.5946501851524485,0.42573094802789924,0.0,0.7502675941711785,0.539510504818039,0.6739898678552259,0.6206870935925134,0.0,0.6261744459536213,1.0,0.13739743085536774,1.0,0.0,0.5197479754520343,0.4498409453017808,1.0,1.0,0.0,1.0,0.0,0.539375428633563,1.0,0.621073068670552,0.5108732669530729,0.0,0.08028713140238951,0.8095441357599633,0.6682447310230161,0.3574232360959937,0.7414792377754488,0.6745143644597629,0.5482615181371215,1.0,1.0,0.0,0.863624899827524,1.0,0.6078393091913902,0.6371656339791684,0.0321066527020277,0.5093443337236847,0.022907577849155515,1.0,0.0,0.0,0.737908545337649,0.8344925872447562,0.42640776564277033,0.23826574339105908,0.41186446181028463,0.47755538010450993,0.48566348585765357,0.7037181897567111,0.07084462124146028,0.5069986348537294,0.23767743061509292,0.7213061006280133,1.0,1.0,0.1670060246953276,0.29774617935506076,0.6380684103430349,0.5269977820064222,0.10033933726377275,0.8564971955643275,0.0,0.52631131434076,0.4414971735331473,0.0,0.6692477802876747,0.5113776407143265,0.10531046275592326,0.18617584598945325,0.5281256574789956,0.0,0.0,0.31629376349475197,0.013533673623737627,0.5131009463728012,0.7000821700748144,0.4741595124687484,0.7146305725264424,0.41919606034181967,0.07595646904173078,0.2007348623009749,0.1273415718897771,0.0,0.3952978665602515,0.302246587822707,0.4124879149196412,0.9624820957639166,0.0,0.6014277991559697,1.0,0.08066613580106521,0.5007118965237849,1.0,0.3561937826637119,0.0,0.8380113047104301,0.9823887178612298,0.8985286732027415,0.39801774122627687,0.5033800195931378,0.6925572968539575,0.6689146055066002,0.6331351210678811,0.38427894440463634,0.3087717867672757,1.0,1.0,0.0,0.8768765820822332,0.3602617079549349,0.0,0.0,0.6400060491211131,0.5712917402556581,0.4815084211647848,0.3199830677909598,0.6333874587932243,0.5622427311625564,0.0,0.6609266413423602,1.0,0.1940591334904358,0.6008187536661956,0.0,0.682873606541965,0.28186622836649566,1.0,0.5168967711422506,0.6791914036762823,1.0,0.8505562725699425,1.0,0.378282939523877,0.6188785654756127,0.37005499944563164,0.9192096080465907,0.10641624077124225,0.40266824652597855,0.8899722330624202,0.25532165891704306,0.730594124041823,0.6151239414411586,1.0,0.1476388495288754,0.38613374923422944,0.8546594550716312,1.0,0.9525052630308445,0.19431326100147944,0.7159784007210424,1.0,0.7077777144614493,1.0,1.0,0.639407483598303,0.1345243239437022,0.17259360505906185,0.11769808664451496,0.4605380165929593,0.683026780869359,0.0,0.0,0.9767033067933357,0.7536773594597628,0.4709295877742393,0.49216830199365613,0.0,0.2103618438237487,1.0,0.49185397128658104,0.9639623295375238,0.8541538154323564,1.0,0.7990592303729138,0.7514018373745213,0.3641167654559026,1.0,0.20202482757347698,0.07484309526079085,1.0,0.904803067718373,0.0,0.8323437781562916,0.9607850160243242,0.359131910242615,0.3003565929059558,1.0,0.9128289815442238,0.13969093360367807,0.667669694999653,0.458172248874635,0.4877308309274717,1.0,0.16685365514432984,0.8339985964307279,0.1096825802721782,0.15332639028886974,0.3660112548954179,0.34771719088486336,0.09839343800951998,0.9033745921960515,0.5634018340836607,0.25922349069363565,0.6127532608949797,0.678112914516452,0.0,1.0,0.7395883916841887,1.0,0.4735977094062767,0.9825748518258881,0.27969566631317494,0.29736774733078075,0.0,0.3432154958127184,0.7255899739616882,0.46788424718998173,0.0,0.1374577946416968,0.6280968034567405,0.6771159264236964,411.51808319766695,0.7,29488.257817759266,14100.7102801051
0.005358460763884826,-0.3695510017174041,0.1690583008743246,0.09643133832100848,0.1393727346739475,0.4306311671015026,0.07396002995773154,-0.2690133564456949,0.5201566172072328,0.509885768816253,0.4974842570698061,0.4963099582221403,0.36750690156104804,0.47112125802310445,0.4872789090610342,0.9744885967843291,0.511093243824394,0.4379289697142758,0.49054529687679155,0.4260199029954137,0.427688417835302,0.4194886943848917,0.49910732967198873,0.4512020358183141,0.523151481330883,0.6201583079660483,0.33188618710689044,0.6965989272839858,0.5191560502313644,0.5030201982061974,0.6010137488208355,0.399231200020362,0.5495417716566696,0.4458314250127564,0.5019499619954405,0.46522841148017086,0.2969514581680293,0.4015897851484397,0.5102811362179095,0.5535421748384909,0.5022412491902621,0.2647365534440199,0.4236885551952293,0.5265475960382072,0.6139670543023532,0.505542358314719,0.5367210884778214,0.5524833661889856,0.5688762733827545,0.300302924798633,0.5398566757612788,0.41113253696991053,0.4279971853843464,0.370212134245201,0.6266730032172145,0.5915576637291233,0.4669247004820661,0.3505026021679412,0.6711690937752264,0.4435449114864646,0.39415927151676056,0.3663928272243404,0.5664422509781221,0.42198487389887673,0.5585388060570305,0.48772054327062464,0.5270448448928944,0.530557841233271,0.4553669783520777,0.40108392954518207,0.50449692524103,0.3416609936590595,0.4138247550068652,0.6176177161958069,0.4237855192490467,0.6492149429796563,0.5682028214133287,0.5861501290476113,0.42308652462328017,0.35980779484615977,0.7244887585103424,0.5849603360764813,0.5575403123938222,0.43883508551757494,0.5001597413956012,0.6328422761946586,0.4642094993135448,0.3296113976205888,0.3407002410104888,0.38920120939438496,0.5191683637164417,0.5920230842300035,0.6807237316099568,0.4466359929892998,0.34464324067425234,0.44100780761238184,0.5714171679604411,0.5443911669541898,0.3397649972934066,0.5913232399643188,0.4972871927383468,0.45936210418561296,0.42116296214099447,0.36247028902736955,0.37807296122129697,0.42720518089974024,0.675898174337825,0.6079629526974691,0.5009811876604602,0.5092316774741841,0.5843622664223078,0.48289272177976306,0.7445736610338494,0.5707934975188519,0.6053343542156027,0.4816850614849823,0.6084027688365272,0.613110194995118,0.48254880811466017,0.5614534616769609,0.3294577673821622,0.45743864841253473,0.4858573664656133,0.42707294565751963,0.4709922960817894,0.4073590327720871,0.6018328526827981,0.49459789171232527,0.4617070246539353,0.5970227553218507,0.3783258402720193,0.47355781076621273,0.5078141598392653,0.4869178440245885,0.4607877641538457,0.4208756738489865,0.3513251851441696,0.44529056730873245,0.40676676286437874,0.5406097746427951,0.5093262038130141,0.44657725535991016,0.6534702045778508,0.4312539782382268,0.6418755531347242,0.5539573013286303,0.6415616488923224,0.6545818569964301,0.49918794771183506,0.5778578619567876,0.5779923904987017,0.37992916943847344,0.43949361910286994,0.3355785950131387,0.5034203736145588,0.5143452972221798,0.4300963665761559,0.591028180748168,0.5350651161029062,0.6344399313919578,0.39167628417073785,0.5239999577849899,0.39611805644509657,0.4818244677589154,0.5948255891842531,0.5004050251808297,0.4573267927123532,0.3566106500921745,0.5020987288997638,0.4483591076273161,0.4604198946728212,0.5003640161464122,0.45842223507367647,0.5089829921912463,0.5059438135588964,0.43202454724509803,0.5871752068478738,0.7593402685851434,0.47861842411778127,0.3344619643387053,0.4746826263945527,0.5353673743739379,0.455133380747443,0.5361078811806728,0.5322980739263489,0.34910917895207605,0.4458697764180429,0.5570669423786934,0.5735786790449953,0.6159405145149369,0.36934346240353755,0.5581201354514794,0.648687539425404,0.4593587747286992,0.7031552529934874,0.4138070656965466,0.4692568167687038,0.4715279551048316,0.593324170198867,0.5238135500697121,0.3980465383248146,0.4373311609434475,0.4172299841089035,0.39289899204463896,0.5011679951108805,0.3743045436239071,0.6881233036284835,0.5324950868741444,0.5563379707826752,0.458102508632923,0.48778320673552183,0.4116070330572505,0.3910770495601576,0.3896000719093685,0.3592800906347511,0.5993077625840602,0.45633838513072733,0.496690997554758,0.5503248253068435,0.2902314473389562,0.6182470487753414,0.3421029958188754,0.4524813666848635,0.5209500743666032,0.3999562420206589,0.5607574938983763,0.506889213688814,0.35738953017183855,0.3818852932565253,0.50360564275836,0.44724416580080384,0.5860385404245511,0.5686416577554485,0.40801377226597724,0.41779871190141255,0.5094318535515547,0.37997187676080313,0.5058862642123267,0.7384280020111195,0.6345808607021282,0.5303531929099002,0.37605846357509437,0.5230524450353049,0.5984896600219872,411.54453959343266,0.7,27001.391589675237,14140.982987511403
1.0,-1.0,0.520764326473621,-0.474353308646038,1.0,-0.0724731124598418,1.0,-1.0,0.48158924122563534,0.41620858937173943,0.0,0.0,0.0,1.0,0.6801415109944652,0.15282530035427075,0.0,0.4537602100200468,1.0,0.4901657530973443,1.0,0.2780068267548728,1.0,0.0,0.29224054703818975,0.7403311841863468,0.13518983874800328,0.0,1.0,0.0,1.0,0.4527089935280655,0.6763068013765959,0.48625515710413236,0.3187208151192558,1.0,0.5407255414997637,0.2334086012020624,0.9420134307532925,1.0,0.6008195562223,0.7286374447893655,1.0,0.0,1.0,0.9910912160592985,0.35912708297055285,0.9019144156587254,0.1795678788555814,1.0,1.0,0.0,0.0,0.5396545750276334,0.4719690425330358,1.0,0.1042895370393335,0.0,0.5131651353866941,0.0,0.8104988997148301,0.9000202578001832,0.7583551704534026,0.11141602568475201,0.966845006707449,0.5289047428646514,1.0,0.057525383085408,0.5551171192742813,0.0,0.112448100968822,0.3047796314129713,0.0,0.02224805835370039,0.5720268855192127,0.2327425843255074,1.0,0.9013498134327498,0.0,0.4769099699153866,0.0,1.0,1.0,0.6960732912194731,0.18035399729278415,0.12629909242464699,0.16976589802954317,0.2828548226653814,0.015278405556222681,0.2805861376783182,0.8999044789482444,0.41829674650052295,1.0,1.0,0.666833254022434,1.0,1.0,0.35666386852719983,0.0,0.25101139766690933,0.25725213812581776,0.3599933061744961,1.0,0.0,0.0,0.8867751677065887,0.8559633457578372,0.0,1.0,0.0,0.8712783885345419,0.7614630020905014,1.0,0.0,0.4980357898926174,0.39191229175870257,0.0,0.8160137519654486,1.0,0.0,0.6267143927155541,0.0,0.7357143345747704,0.19812385708617009,0.0,0.581317506848701,1.0,0.948707471397058,0.2577508402974877,0.05568080675099812,0.0,0.6543105496351344,0.0,0.7626139678419379,0.24268666715599085,0.0,0.27918398932534666,1.0,0.19490160460691813,0.5245703134064048,1.0,0.09329118151383307,0.8618797068694284,1.0,1.0,0.0,0.4388280230905706,0.5596182353992548,0.6233385786161953,0.0,1.0,0.3996094745664859,1.0,0.4289287297029564,0.0,0.0,0.12883607368538297,1.0,0.0,0.9074601949051557,0.8178623621938707,0.2111437936900656,1.0,1.0,1.0,1.0,1.0,1.0,0.841317166839779,0.0,0.612548912944967,0.0,1.0,0.9094242821545389,0.0,0.04919183127170695,0.5163741831629348,0.6265146279579807,1.0,0.0,0.0,0.0,0.20031339046930297,0.2882978104751347,0.11914752492793519,0.0,0.0,0.0,0.09220815331644466,1.0,0.8058722388375701,0.2562066247283846,1.0,0.0,0.26628640653963676,0.9209322420550123,1.0,0.11834212623245695,0.38001987006096244,0.0694687009923633,0.4968021736696424,0.0,0.2765472230262933,0.0,0.5818194721735438,0.4192745297697366,0.9258144223522917,0.8318699765600182,0.4049817666130731,0.38503118684146254,0.0,0.6862568682842858,0.0,0.0,0.0,0.890907247831883,0.23451347854619217,1.0,0.018806854235698417,0.0,1.0,0.636050754252086,0.31361249686225257,0.5882476949585831,0.371580636587286,0.15900388287002226,0.41541832812697077,1.0,0.5047103049846773,0.0,0.0,0.0,0.5295538537503169,0.1756261743505429,0.8994568138849686,0.0,0.46883384316592996,0.20133083105703,1.0,0.7227489203195063,1.0,0.8459907517804064,1.0,0.23887462631927125,413.53410067325206,1.0,12392.96244341575,115699.26922411307
-0.6288122129215175,-0.2722602663876959,-0.07167193520254814,-0.48157062911358195,-0.2166631684756586,0.764230869908257,-0.006567538009914819,-1.0,0.8164714205361673,0.0,0.04593897604805797,0.22687292332239914,0.3178312136104601,0.8217246761438016,0.35357457830511363,0.5893838885452711,0.29842618765679174,0.7755899002913834,0.9158886297741253,0.641422504563562,0.882716842701681,0.7313296252571679,0.5257815188749257,0.34979732702386557,0.2508420975682537,0.7018340736607385,0.7550031617683127,0.4575747133318789,0.853950509795499,0.39502719644152084,0.20393078827683592,0.4975504978025804,0.4694008905992969,0.23718417847050396,0.1932653852072451,0.7110133190157182,0.7027643635075382,0.5430488476408208,0.7046585977226776,0.7637963517637097,0.6282063412235286,0.6258766315693903,0.327528120757914,0.34446978893216307,0.9844504565080856,0.0,1.0,0.6475372765352233,0.3517204761546271,0.6986223907820458,0.4045001110575701,0.0,0.0,0.37329293176926476,0.7066273892358428,0.3853175669783363,0.6047857117113244,0.20697466681849794,1.0,0.6303360839652115,0.0,0.6324945977050749,0.5772744704869814,0.7811231453876483,0.22440272070575665,0.047305811365600685,0.754758816288194,0.41409233990559363,0.5636467056916133,0.0,0.3489860168486822,0.0,0.3202690544101816,0.6437389393085055,0.713207627397081,0.6059555020888269,0.5690582619372114,0.8923131355420862,0.18081545569990348,0.054360913528758874,0.056461135678483786,0.011540882674541387,0.9867120321196017,0.3090657738831853,0.4706796596366977,0.8797622885627879,0.23869559132260645,0.7472785777861327,0.3486010427755207,0.5107840290739994,0.31707490369832647,0.15442746391890336,0.7475235551442821,0.721012327173403,0.5073960625722356,1.0,0.5193989866935648,0.0,0.6259693381009611,0.5505099460247478,0.0829844403651949,0.10122159107673652,0.0,0.0,0.45142397265600753,0.176940141665355,0.22381161352288403,0.47769753385419744,0.5409922024942851,0.0,0.7938286105103406,0.3815816348914371,1.0,0.8715217260944644,0.39230600725500125,0.5758986297120683,0.4716335775965431,0.11090299071715894,0.8332622654857696,0.938575788583973,0.5645967743447583,0.10512301786113892,0.08791053588410437,0.49292849997080923,0.21399595033631078,0.6359577612400031,0.5025264045712696,0.9650707401027923,0.5802310509774952,0.0,0.16828374192038723,0.7572559808786747,0.6688578692204039,0.7341343530645623,0.8073821272532276,0.23916638936402757,0.0,0.5733357340385745,0.9678382307631924,0.0,0.7857476383464761,0.6589252514964954,0.5346285577416656,1.0,0.9641216031133945,0.3749516642556266,1.0,0.8937725325577136,0.09627526810680097,0.0,0.8838242117429279,0.0,0.314153165141998,0.7151760220201107,0.10491242034980974,0.0,0.5597610700835824,1.0,0.0,0.5153963114568659,0.9227515521576536,0.893157645850405,0.5099305499806102,0.4360920291498929,1.0,0.0451202180078028,0.6779772736621349,0.6508783685839614,1.0,0.30856949124335864,0.0,1.0,0.8994826581277021,0.6914738151016329,0.0,0.3248574157144213,0.6715506031886525,0.5785054442748956,0.3549506345360799,0.04575578850659934,0.19147511004075546,0.7995233710880663,0.6651041937305012,0.7213205919474417,0.0,0.46405611606363706,0.685535165294803,0.0,0.26221016291668486,0.15997896782357582,0.5986801668999547,0.32650755450345903,0.7896943699853822,0.1585812213329784,0.0,0.14705954067096016,0.5818639268499252,0.647121135659547,0.4621198366756845,0.09549785769139658,0.6983019505443472,0.0,1.0,0.7187006114891981,0.08832266683115185,0.7452687493614131,0.21367826662581793,0.2508184695608593,0.6312717431408585,0.5517391266826472,1.0,0.0,0.24792828591238622,0.5869817520294576,0.7306591078492748,0.8996004175446869,0.9417749811299856,0.8029767742885406,0.9116682588177111,0.2102396587119096,0.672600707688428,0.6492306911260647,0.17213133101428152,0.00032558341922151834,0.0,0.8942885830413658,0.21477340047388305,0.24317074982787126,0.24544583325142658,0.15894615693628505,0.662044630343545,0.7772091966722112,1.0,0.6459090715205007,0.8578347583525231,0.6803268080205219,0.5460798451286887,0.0,0.810142082499414,0.19968814871652138,0.7903603493298639,0.883912070424451,0.21433622736699987,0.7354518964387305,412.0802982110241,1.0,20880.955976694997,28801.9826519802
-0.5126403693170951,0.39751837409538526,0.3045074509137847,-1.0,0.12096149792149415,0.6872841310598258,-0.12843264727660786,1.0,0.9378021125998516,1.0,0.29587165531390863,1.0,0.0,0.15651733128041917,0.41869812247250743,1.0,1.0,0.0,0.0,1.0,0.1243955396012954,0.5467457575367034,0.2838566879172172,0.016876921326011846,0.041845739798978314,1.0,0.44856612397400314,0.21224562308324516,0.0,1.0,0.44685549469572294,0.6814189826103441,0.0,0.0,0.38871554891688076,0.926241867655685,0.3576526479042871,0.0,0.4858372319181226,0.13106619193313382,0.8491565801109121,0.38482399326609656,0.0,0.0,0.0,1.0,1.0,0.0,0.6132284249908599,0.9076395325686841,0.7488499433793766,1.0,0.0,0.4043174113753303,0.3206176282873065,0.3760353505742962,0.0,1.0,0.29864352002856076,0.0,0.0,0.8656357297897604,0.496225384791356,0.009499930334158146,0.38769265818482485,0.5603642886660107,0.45112162090246666,0.8655753905637643,0.9898405089121701,1.0,0.1942049267622493,0.36828796613648596,1.0,0.21062458533701228,0.0,0.41347672713478906,0.0,0.5700078050846604,0.5442460105944308,1.0,0.9517511786180832,1.0,0.088962147818435,0.23523287144239624,0.0,0.0,1.0,0.9470629658311138,0.3293167532651475,0.3771598806136316,0.0,0.8049088458676015,0.28283512077000333,0.5679117662035731,0.27341437169853194,0.0,0.08353472234302481,0.5824159148145008,0.6945112440749411,1.0,0.45418292276716304,0.15196381150712474,0.5563061688911138,1.0,1.0,1.0,1.0,0.0,0.49262403244695024,0.0,0.8138579645247521,0.09440748507003918,0.6625076593606123,1.0,0.0,1.0,0.5659220125295754,0.40108007652504735,0.5139736471460886,1.0,0.4368640122915823,1.0,1.0,0.8655886123791064,0.0,0.0,0.7716337933844336,0.0,1.0,1.0,0.6578672654994882,1.0,1.0,0.0,1.0,0.56937028742119,1.0,0.4228194115700401,0.0,0.7412268232057854,0.0,0.7928692888969191,0.27332722970737217,0.0,0.0,1.0,0.0,0.42607193745860017,0.9136706105811574,0.5297416970320682,0.9863197951062107,0.9869550334295522,1.0,1.0,1.0,0.9304709223393736,0.0,1.0,0.9712089043946014,0.0,0.0954593789532378,0.3160919486371958,0.9003052007335546,0.4758804250497007,0.4019791941757995,0.0,0.6420003451890857,0.0,0.0,0.0,1.0,0.879782126226233,0.8363010860178707,0.0,1.0,1.0,0.0,0.2223687357652053,0.0,0.6217586398972705,1.0,0.21783068570145206,0.25965207441783106,1.0,0.0,0.5565025346573036,0.4419057480647777,1.0,0.9589228431487545,0.5538136094376074,0.8730837139089583,0.9008214392548591,0.735537758960505,0.6198176813208145,0.10140324292697525,1.0,1.0,1.0,0.0,0.09122563401966535,0.4983375091859481,0.8950550715910048,0.9884978638067468,0.1329053262941011,0.25291359648643313,0.0,0.5012615694588702,0.0,1.0,0.6746257189240374,0.7837160068973512,0.9096023070587996,0.546373596370341,0.04394973889376858,0.0,0.06220916703417795,1.0,0.13314836433487728,0.44412268141818034,0.8136726100673352,1.0,1.0,0.08280099744809352,1.0,0.8214153569189794,0.15625958925608793,1.0,0.11319455273696395,0.5474688960180868,0.0,0.2351668486952548,0.988733689238148,0.7328088317214825,0.4247834426928891,0.6304755928935051,0.2008663660110013,1.0,0.0,0.2042428939964077,0.2219072549144457,0.636291920027158,1.0,0.25350509776710306,0.17164384156460155,411.883729322024,0.7,23082.70819166175,15101.370038990528
-0.16702900891803285,0.2648463108262682,-0.4039038642026517,-0.0971228398594508,-0.920077089644008,0.2939268569384188,-0.7733569995804451,0.37472409794626005,0.2266501633607054,0.11709586672588013,0.4007402472632903,0.006740868823158164,0.5039640290754005,0.8352394021791715,0.47524611656805027,0.07855108993860299,0.4080559652944323,0.507116840225372,0.19920025583217557,0.3678470493731688,0.4450441235238584,0.5385150492072844,0.02542419358618664,0.0015070452857343722,0.8956542128641495,0.663654279613534,0.2655180287811709,0.5191083770935351,0.7746541441500149,0.42540499303742674,0.5891320357919867,0.07510949761503938,0.49151646442445673,0.8760030503209726,0.4322791216500035,0.6434205158675036,0.045806083433260425,0.2058151101905511,0.5694535225143585,0.1251776019354346,0.010562665782894887,0.17537258110289783,0.9211791083251105,0.013344822006855953,0.35669622297871506,0.9238231078261162,0.8894502889466669,0.09049868669079031,0.6097167403379516,0.31331475949157883,0.04118193551798599,0.4476465569926128,0.9466291593148219,0.9337548682191702,0.311055905686751,0.9387767131583817,0.15895244865950942,0.1200223930875931,0.6776770330905589,0.025309836477533154,0.2624005912212036,0.39800170337494156,0.8588285543115702,0.913980974313386,0.00903102484141105,0.28296892246442007,0.6026282167848194,0.06734598977058531,0.018720601343729104,0.021121599075908493,0.8080822226842832,0.42573255971928015,0.09454520827012747,0.2853101667272374,0.5787497425235261,0.9788011784343473,0.32565351743637383,0.3678965223350855,0.032117131097528895,0.9414044508351341,0.2961466519782937,0.16854544759752588,0.8313109661705962,0.17669961263226486,0.42369050500425876,0.841026601616464,0.9181197535584825,0.39181564663411983,0.358888187322568,0.287754557828254,0.13088746828834275,0.15086028081325797,0.12121379667271776,0.5913709474807068,0.15745057205894042,0.3936005533791952,0.20452439969160285,0.014978252936617392,0.419409506892236,0.01765559329484878,0.24014926034294204,0.545175060738814,0.8179480483395521,0.4815891580183921,0.1177062843459113,0.10015301370223462,0.14165681834559574,0.9390618743646304,0.8415601286050911,0.41461798948555273,0.9253709337672196,0.466775058110366,0.05806148279887546,0.7176780406715763,0.564518100545857,0.386999076212183,0.6836466565410186,0.5059077892376591,0.3547552461801564,0.09484699765481008,0.028921744701158103,0.05914953856719918,0.28066573807521267,0.49382138435610856,0.7586409272312674,0.04951935774555888,0.33717200805461167,0.3807807606559783,0.20480978290260599,0.1562603809855535,0.29660817183304256,0.1868873677323024,0.15081810041136812,0.35012699297391625,0.089710951979182,0.15917308070026406,0.1566504918426388,0.5543155787271735,0.19073512568443035,0.7957774881446122,0.4171545862651301,0.07036577376320963,0.5082117707100329,0.011966698351397631,0.46133431335632236,0.12307261986250084,0.03630464137826661,0.21055789015018478,0.8508044203174677,0.5390131854419058,0.2376662637594884,0.23445838537933858,0.742614929096301,0.86875742249897,0.011130867007889345,0.1747473431238471,0.5940601960549882,0.7842653042256966,0.6679936524380832,0.9779334470353364,0.6116342926515073,0.14758071953309626,0.04104595951513279,0.47885602938498295,0.695411051671707,0.07371719992631032,0.09466143857502668,0.47627113491354,0.8551194642667467,0.5530742453177631,0.20324455851474743,0.48761930421804744,0.5979734549025654,0.01753970884355549,0.3322180829717416,0.5299959690068039,0.7445309092618759,0.21815213263143807,0.1427614486067723,0.3106575666231095,0.6184957435703375,0.9939289581102106,0.19040002335881767,0.7554746111054722,0.42855386587496014,0.6592687220861619,0.7169971652161372,0.9042207245486745,0.5038050597780844,0.20994981490920447,0.8463202857801377,0.3827413011446271,0.2275402977206059,0.7252012719457448,0.059451199039528224,0.752994113111745,0.8163924182187485,0.17417575041073308,0.1353093006371896,0.23651425467428933,0.7206310400662634,0.09491414354157102,0.5612165879419816,0.38234235779615133,0.0708255555011359,0.40640697902930645,0.9772427930973033,0.22561352136623847,0.9006576384114371,0.2992953517472188,0.5972818977986919,0.8294181560309482,0.40342501053056634,0.6171052662542448,0.25353214055263784,0.8653163823227188,0.8886363649920413,0.9738529152594428,0.4200711296069075,0.7643340882860287,0.885568224189311,0.8517452367976586,0.25986360834073374,0.053300347250856306,0.9618664875348245,0.5628592198848791,0.9632517110403379,0.38064471217068596,0.6839294331668156,0.8667623224384953,0.25246397971020584,0.7929952435356663,0.4803104993961297,0.9950471671915643,0.8972648654611359,0.26775682631189457,0.14774738877896199,0.09217948947224275,0.27401878072216324,0.9515381262710434,0.8366973050578204,0.003864587134587205,0.4067787690994752,0.015021163639210244,413.7389209266411,1.0,11551.686679835972,136661.3121561391
0.08637382169104466,0.8114712869984606,0.27411580434530397,1.0,0.16896391319190768,-0.10922477255738343,0.019602253355615277,0.7078098889601635,0.0,0.2730272903569838,0.25104484603236177,0.3518809831410264,0.2082283232086322,0.2812760160328087,1.0,0.9133411730554003,0.7593641593570972,0.42837529624073517,0.49704184194902684,0.00832234711982606,0.5709814380619302,0.3124559273719656,0.05675517636589483,0.5207064071815113,1.0,0.37195370596235366,0.6460618836308945,0.9500737512488521,0.9479009128186594,0.6033870508366601,0.43818958489216725,0.7756343252458705,0.7676668846992355,0.37338042238085983,0.42636910577095716,0.040361513611625516,0.2812769109981193,0.0,0.22927807572804115,0.41218346679108214,0.0,0.7614105048663675,0.7160375516357118,0.8912105755442804,0.264411853017637,0.0,0.24835447787784895,0.1662176627048849,0.4644632100067157,0.23475155319989544,1.0,1.0,0.17927498560361915,0.02877617982830695,0.4624390996966013,0.7045198793749828,0.0862102572384218,0.07432120717191178,1.0,0.5877517037788123,0.29006962843975287,0.8007380471180501,0.3623739642492583,0.22055314886094154,0.6950510770437739,0.7916574158344755,0.36155771586713986,0.9355483828155448,0.6849528698035763,0.9547758117258263,0.8771583865743484,0.5033649113501577,0.755715909032544,0.8784155095436826,0.7122948146365702,0.3724978359507643,0.04084615775964824,0.31934071967684263,1.0,0.548368161835504,0.16138085175141914,0.5018274289535298,0.7578875007945467,0.0,0.31440560110723154,0.3368187097082108,0.7769081972745177,0.12737981953593103,0.752491187941392,0.6593730170851779,0.29824733334208425,0.8991994949347751,0.43758584390150485,0.42812166274328933,0.2681014810086869,0.0,0.09069478239299802,0.7031560819986796,0.531452506576896,0.46552093683514284,0.2494331761060941,0.0,0.3861115313226343,0.0,0.022143758816566085,0.013465894387837862,0.22077319299116577,0.4885655816381842,0.5017834949341565,0.2430786359136659,0.8219454292057655,0.6075914540801459,0.6338256925506327,0.32477662885413744,0.9964637847009993,0.6049349126729856,0.5194496582942828,0.2841204080993224,0.0,0.2234070643874988,1.0,0.656111373209182,0.5627068617257487,0.5571841009609744,0.8996522746312707,0.875131807905086,0.9275991126609725,0.37344830635609916,0.0,0.8598773768558855,0.05939824202800026,0.5058983822258142,0.7592583163304288,1.0,0.09277472009609089,0.9434983743255237,0.5236012308216897,0.5247921653142876,0.031205967931106148,0.0,0.03463919188606193,0.8305867391498665,0.22858504043897857,0.2634464912086588,0.4521205685220422,0.7394341597424025,0.5762640851700594,0.7417022128952252,0.47072721028259945,0.9040475045825309,0.9301615227191412,0.5380804577451187,0.46586987753875697,0.007369398165120208,0.4423150877283773,0.684543831800239,0.3679237910477162,0.29727181619278453,1.0,0.42184969180907883,0.38230156657355474,0.45008794999692026,0.08372056721457916,0.8785994356394174,0.047408795092831,0.18127942543495662,0.2096876910240946,0.34042887100780317,0.0,0.7663402346925343,0.0,0.18370512967925945,0.5835292346939319,0.14209112994654896,0.7984913740063042,0.9589076407458341,0.4967746759857669,0.7062529050566739,0.45288160417035095,0.4431619852185777,0.8175941668981307,0.8708896571289134,0.32202382737078383,0.0003331653185513206,0.1592829121274897,0.09589322179908799,0.25717802792394845,0.17951246694922454,0.7854841726034977,0.0,0.2812808807749663,0.9670398226357231,0.9951384317289038,0.696823198146387,1.0,0.5772751782649445,0.0,0.3762217674268553,0.032431937947442396,1.0,0.3730089170768274,0.10041549776663428,0.06479331777890562,0.1100164577602401,0.47670809874534953,0.0,0.9616918359684601,0.835819851364621,0.5443331361197982,0.07240303156171699,0.5550588981351838,0.025780388321027366,1.0,0.8290736428936669,0.6678284455217959,0.0,0.5737106963197433,0.0,1.0,0.0,0.4518962639518198,0.0,0.16286628735617714,0.14471342437379614,0.422725891791232,0.7731518121361919,0.3328636875115246,0.7000060738652777,0.5643307133670382,0.7101707946663469,0.8784554106682574,0.5350224502619267,1.0,0.7896286984298854,0.8019509355927797,0.297920514799836,0.2378853173119307,0.23069649168427075,0.5695163103914936,0.9523408776857994,0.43060003740867453,0.3678817312407396,0.700121079723023,0.2273266624281674,411.3788035935156,0.6,33369.10950514302,13865.91746291102
-0.526321516552795,-0.2229536655426975,-0.23889395216858125,0.5404922200181032,-0.40740201248660296,-0.09152686949605406,-0.81627771792896,0.9702446448243496,0.25460035106539003,0.7597225078265506,0.6678439697553155,0.9027966182495915,0.0,1.0,0.5961540624600401,0.0,1.0,0.16030975352461613,0.813300102386935,0.5157467986824923,0.2910238731362425,0.5105152467251353,0.6488757474725588,1.0,0.8361461377589846,0.07756782512571161,0.0,0.0,0.8223045435222599,0.5902236542322207,0.5097467025067584,0.0,0.0,0.10878381721775951,0.5755099215120411,0.41933424499686334,0.9545629494690602,1.0,0.27811248932881133,1.0,0.2392180371670554,0.6300620198391763,0.9225011236534287,0.0,0.1617306032790425,1.0,0.7927192604784816,0.32095074081117114,0.5323217129616592,1.0,0.8888480894864588,0.5689554194117533,0.5233896468376873,0.6894264529686955,0.6342635720522645,1.0,0.038423751200521404,1.0,0.034052076909732464,0.0,0.5271612226651311,0.944161459043955,0.0,0.0,1.0,0.8407368574445245,0.9870341307479592,0.12946263523204599,0.31670440349053247,0.2794904951883376,0.45761758463793617,1.0,0.9790261511412962,0.0,1.0,0.10011136584870431,1.0,0.0,0.59224506317752,1.0,0.0,1.0,0.209422973706513,1.0,0.10013628359520547,0.0,0.8212962718451461,0.0,0.535589996659461,0.2944791234479494,0.7309053572112627,0.129204904169865,0.44861579929038686,0.0,0.0,0.13053086572414663,0.8119652622400473,0.536911638121926,0.29818378991335553,0.6561253297198772,0.4586220625227094,0.06872221579778824,1.0,1.0,0.056385797899874995,0.9328491046543175,0.9660650811560523,0.0,0.33332198623542264,0.47717336096117735,0.6484238532860113,0.22349677073311175,0.0,0.5838130398707594,0.7292740273317956,0.7048095481561798,0.2864283353494298,0.0,0.5068512213210945,1.0,0.8572511364296032,0.25612832448185374,1.0,0.9371446078410318,0.0,0.030318090216302374,0.09739371294859112,0.40798482972396555,1.0,0.3383722579066659,0.1416493491901203,0.49842135318671266,0.5326660431856491,0.4280919429341054,0.0,0.5385081889365378,1.0,0.9711042748271819,0.0,0.8725082742777377,0.558383275995305,0.08208816703532068,0.5286379865715962,0.6670630371288618,0.3180568981771267,0.868731939824184,0.0,0.0,1.0,0.828707628759675,0.7135278779853625,1.0,0.8646429775998263,1.0,0.8742364991830301,0.978564496417458,0.8364069760613557,0.780363160379572,0.8224840997108557,0.13100583229982282,0.2153538350833569,0.2960278835308702,0.0,1.0,0.17509598366291992,1.0,0.5820948741007888,0.8437517423922493,0.275798304955827,0.8787142038313303,1.0,0.949759940719576,0.0,0.0,1.0,0.7900613364745386,0.25442412684808896,0.5646371580383255,0.0,0.782400514669262,0.12669535363117243,0.0,0.7078937303851924,0.0,0.2549627638035542,0.08264838425167305,0.2628538980248595,0.46388264401555535,0.38457755038483954,0.23131532055955323,0.6240733192196914,0.5572470159293714,0.5467682737623817,1.0,0.0,1.0,1.0,0.6005788074965891,0.9156334522936762,1.0,0.0,0.7710372542862333,1.0,0.17004515568231074,0.42882083359198503,0.7389567054548639,1.0,0.40783315776987994,0.8504772074457673,0.7935671634472882,0.4033119045726686,1.0,0.7589481691916492,0.46948324162001687,0.2077640345841488,1.0,0.19696168461275607,1.0,0.0,0.2485915732729755,0.2612245371944777,1.0,0.5715528626540998,0.9631437905015116,0.0,0.31352311978171055,0.8884936602499753,0.4559439811023949,0.12424819111590289,1.0,0.6382955626516553,0.030919868140111193,0.1859146403813245,1.0,0.0,0.0,1.0,0.0,0.33823403326231827,0.0,0.0,0.1781888531988285,0.0,0.0,413.0424018570538,1.0,16428.295754767794,107384.36057702288
0.1262475895650195,0.7690374134243567,0.1302037924721555,-1.0,0.21721881140745425,-0.17310381375976797,-0.010093365668537257,0.9779455993610973,0.39666915697378147,0.3695903189353203,0.0,1.0,0.04008594837241465,0.0,0.0,1.0,0.8233532050598645,0.27036138823657496,0.20168450438686142,0.30890404020601,0.08274105148815857,1.0,0.13776247586039883,0.23076576619418268,0.0,0.0,0.023295388454558908,0.717617217163022,0.0,0.9850294534037842,0.4400177709193236,0.0,0.0,0.38489443079697416,0.0,0.8668477368039053,0.8912890864169888,0.0,0.0,0.3843638507627247,0.9056614419292134,0.8112026012037766,0.45754607100103284,0.0,0.0,0.9329339938197613,0.5520770999871271,1.0,0.8523531011349946,1.0,0.5989841857156377,0.6863197028088072,0.5573221574144895,0.0,1.0,0.0,0.0,1.0,0.0,0.696531282599607,0.8793965128282129,0.767134815291785,0.9661408488821248,0.1336880854279206,0.0,0.6600279828534346,0.0,0.6600152433276179,1.0,0.7849912144879545,0.9025856404356729,0.6354889912048332,0.6519145491029246,0.05399211186727359,0.0,0.5777473948251887,0.0,0.8300463908414388,1.0,0.6567175547624957,1.0,1.0,1.0,0.9632628258390474,0.9692930730459295,0.9035105362507334,0.6459575058051886,0.0,0.8294103539167547,0.14957496397490827,0.8356015584938785,0.0,0.7248069669048524,0.0,0.0,0.1655795930927165,0.38849014325155884,0.9719701510545824,0.0,1.0,1.0,1.0,0.809002412636471,1.0,1.0,0.4931951301705982,0.6655088939034107,0.0,0.433965377933923,1.0,0.5163737403783057,0.9136229430536501,0.0,0.7443488325559853,0.0,0.6535342787551653,0.0,0.24034201838194594,0.0007091311678572142,1.0,0.8456056479290741,1.0,1.0,0.33287262353231245,0.4972167538617641,0.033629479964566854,1.0,0.0022460456570719215,1.0,0.7661706665513703,1.0,0.6736572132544463,0.7197943450042851,0.0,1.0,0.4167196352711393,1.0,0.0,0.2801984616016431,1.0,0.5983230243130018,1.0,0.0,0.21155489294801363,0.0,0.3841933484731241,0.49135946165166805,0.4514458580979487,1.0,0.7575014570890037,1.0,1.0,0.4498364678450687,1.0,0.8909465802834519,0.9015770102269915,0.9308136350105533,0.0,0.7373592346543104,0.40458107030139834,0.5343090146544922,0.16311148527811586,0.18763193639193448,0.20220548745924155,0.0,0.27503923017503257,0.4713878255969548,0.0,0.0,0.0,1.0,1.0,0.0,0.056544260990882084,1.0,1.0,0.9376408505487942,0.0,0.25496657124955224,0.47123087360265353,0.9937988943902235,0.6882621306667612,0.9605622355716107,1.0,1.0,0.0,0.8854668334086204,1.0,1.0,0.8501467202208609,0.0,0.33456307442074795,0.7615693824379981,0.7524592245075502,0.9937238766114788,1.0,0.7301669425030302,0.3676574095304345,0.14496246808812213,0.4764149038115815,1.0,0.998264052791039,0.2943062491257836,0.13767587961814778,0.858237615900727,0.16364024257331006,0.3698716284355782,0.0,1.0,0.0,0.5786739054142622,0.5847735576042025,0.990139126686592,0.7784186055620892,0.518753685257475,0.012030118301506708,0.4673812300783338,0.14224349855356028,1.0,0.09547718986349081,0.0477971001119526,0.19791147651639515,0.9789356223524376,0.8622562468731473,0.5143832775507584,0.0,1.0,0.0,1.0,0.25993596832579996,0.8730217894634168,0.10615551515161167,0.08544112136050297,0.6994131719450277,0.0,0.22108374477472897,0.08690786595962054,1.0,0.6722848870109398,0.0,0.0,1.0,0.8095514073559824,0.7316550028586976,411.79769191197863,0.9,22955.717167028033,27598.12536613253
0.1230173538944432,0.8445183598581578,-0.1478288007427108,1.0,-1.0,-0.5642174611018758,-1.0,0.3493725615947145,0.25261750306108316,0.23904433432778446,0.7885575382082652,0.18825792775193517,0.7076973192620707,0.0,0.6901407151872941,0.0,0.8609934011584698,0.039949685751849484,0.0654202289486105,0.3730434504956391,0.2955934122702322,0.2396533999814793,0.30073097663299303,0.6257722952409547,0.8585686486853609,1.0,0.5607101649143752,0.43050024407489557,1.0,0.4503264633305256,0.5692505095347359,0.7352294611346548,0.5733064984835187,0.0,0.7025755108858623,0.0,0.0,0.6907845841343941,0.8240668222376037,0.0,0.19183184607553905,0.0,0.6927603992378559,0.3100507239822826,0.9662331624010607,0.0,1.0,0.0,0.565711992201354,0.780619921217759,0.1266281556804162,0.14466173527424334,0.794137358092822,0.3590366257384241,0.05238728263479603,0.9077922453484306,0.0,0.0,0.7944821127660852,0.32397018202663025,0.0,0.0,0.7075479698919535,0.0,0.5350124173414099,1.0,0.2693433935505726,0.4382409544489357,0.2273258540058805,0.0,0.5758396528168144,0.7108743858025862,0.976490786284504,0.6596829713721639,1.0,0.29347649190329383,0.3246252876691944,0.6101393543391935,1.0,0.477854730953271,0.0,0.6275840588881588,0.0,0.0,0.2731493863608523,0.10751894187236086,0.17885104730190732,1.0,1.0,0.5334924426681465,0.0,0.5327578835692799,0.0,0.25654935575288157,0.5458334685363853,0.14765268425922612,0.5300296954659529,0.0,0.894145492668876,0.6696561865292292,0.20412475080285897,0.3539612327728002,0.3752234069965116,0.4234844675132524,0.0,1.0,0.0,0.9758331156053645,0.13978691991443187,0.06787653137452365,0.0,0.5448884624431355,0.18223535364136767,1.0,1.0,1.0,0.42197687853850047,0.0,0.8926129044956969,0.24052183419915008,0.08345071593987426,0.5288150175921195,0.6929754678415295,0.6415716834627468,0.1281459372141776,0.5049064682147522,0.0,0.0,0.5817205653097494,0.05312640670004523,0.6773276148427745,0.21925973653120068,0.30610439862710187,0.5817539273429306,0.3248607887047379,0.30232792348180965,0.0,0.0,0.36083818273366214,0.44103763559709136,0.5987152963220795,0.0,0.4555600775101473,0.4872355477774993,0.4050836381980509,0.0,0.9871487991802863,0.8761939061982311,0.220336810041893,0.036501539461606926,0.8906698671672687,0.0,1.0,0.32642889338812364,0.44869422635890305,0.30357506538811124,0.0,0.09651174442199922,0.6078637376553564,1.0,0.12783170246420747,0.29769007909812356,0.6568473823544503,0.5050066425029685,0.8874186341412328,0.06553320608219462,0.21111044453481637,0.0,0.6047770048807839,0.4316971737410357,0.6910999159534241,1.0,1.0,0.3549052371379314,1.0,0.0,0.5286691943439956,0.8939209096947845,0.1380025032740832,0.04570390249021658,0.0,0.33297357747704803,0.0,0.0,0.12488869772994489,0.0,1.0,0.33367767157534106,0.0,0.29988155119068705,0.19735951110232997,0.6013369274303975,0.31264802861048707,0.23779565064179048,0.3540326526988983,0.018965612518782666,0.1484173548511341,0.369294585188969,0.22272370918539275,0.5985925700832585,0.8648344808624919,0.11624761324849986,0.8818441740872915,0.0,0.5284740911317575,0.15995123322185548,0.05743897122158116,0.6532949437642204,0.5858528696951406,0.13130179001134365,0.511440987651439,0.9056559835921273,0.0,0.0,0.5889268127900027,0.35427480485962654,0.17904922806631174,0.5382590327862422,0.6997244908490543,0.6479252245043523,0.07537784406332217,0.7443953274065457,0.0,0.626364912505712,0.0,0.8196530409174733,0.9259912072553125,0.8615787371076634,0.016817637213733708,0.3972786169266887,0.0,0.7079623744399367,0.5370719108884925,0.9086595584892627,0.0,0.31834557018903076,0.014431415114077207,0.5908289864708104,0.0,0.8226855866635133,0.16181767296917032,0.0,0.16676828891500087,0.6489070105869185,412.4186568024359,1.0,20286.707290218263,80946.75654548501
0.33215764837938944,-0.47084860419268787,0.29523538108696695,-0.6933465824362874,-0.8412889045889347,0.7445262859687974,-1.0,-0.17769704757185104,0.6093283538164412,0.11068489163853469,0.7121654599399944,0.16617666594438255,0.7334896438527962,0.49923177983913564,0.35220289387438225,0.5101331177711521,0.5750734152334684,0.9608889711047135,0.5562162194217387,0.07473359817044575,0.7100435105110438,0.5994966279868147,0.719951153936984,0.5151853835342755,0.6171176488924172,0.8955520916528658,0.5596444655578594,0.6199080081892636,0.5341889713288562,0.3946139613754233,0.0,0.0,0.6390463484629453,1.0,0.0,0.4618704874470808,0.5469488356686151,0.44944979684601893,0.22664150969319846,0.0,0.4674136541599209,1.0,0.17939531622433466,1.0,0.0,0.6044941720593324,0.0,0.23212188171592743,0.5304838304479645,0.7781021601418685,0.5829145803036508,0.9523952752803698,0.4591651011572637,0.26249985851448665,0.7652075073856437,0.39928721371534875,0.31291875926555784,0.4392002353046185,0.22670108238843864,0.3235744489798126,0.0,0.3973150314835086,0.9805940129534088,0.4046210607539195,0.0889142627109708,1.0,0.0,0.7940531602609736,1.0,1.0,0.778886943107897,0.3733950687866878,0.2911807427818315,0.4620361887519127,0.9505785942082896,0.15200304589191255,0.5816788436234507,0.3028476628343015,0.4149826217537596,0.5002199637190227,1.0,0.9088072828425576,0.583164219946435,0.548864783576473,0.0,0.0,0.46386082444171933,0.04190785577966234,0.36462184169063455,1.0,0.20150203315358403,0.6754176980416763,0.6987269614356583,0.3817450875441222,0.7440615890799204,0.8558666168776166,0.0,0.5732378864716725,0.17826142447129642,0.6019738523421428,0.31427508458678943,0.19630241372109394,0.40219816303487266,0.0,0.7037695048649624,0.33060839068020936,0.9679187901086657,0.3819381401107228,0.4405939252434086,0.7523674804959031,0.9807537754498582,0.5937016304841881,0.0,0.6767567567413127,0.5594650893597385,0.8484295695671015,1.0,0.7128652536092256,0.5542325442674053,0.1637629487126663,0.6602937173243524,0.20551892138508715,0.2882725525944012,0.6714935940361325,0.0,1.0,0.20230213467553423,0.3351406040473244,0.4922238873642066,1.0,0.9550412216139815,0.861433511699155,0.23457075861605667,0.47431913501405853,1.0,0.03443502480665395,0.7683414116144811,0.0,0.0,0.3322575514578092,0.7826445541818643,0.9032070490883213,1.0,0.20559018046969552,0.39789959059828006,0.7111841088576648,0.18461722632097885,0.3087709343793877,0.7290644372662779,0.0006515526646719077,0.7265320571458981,0.8709122988022395,0.8524690658750899,0.4760960482748274,1.0,1.0,1.0,0.0,0.9256800151045597,1.0,0.0,1.0,0.21580106490184395,0.6515081116083019,0.03238073687899129,0.02886642814498357,0.5016898912665948,0.0,0.9975895335151693,0.34733413617135156,1.0,0.721639004265313,0.407914681115114,0.265433523100488,1.0,0.0,0.09469201751132766,0.7515875894483253,0.0,0.42391488456444054,0.894485964695153,1.0,0.48588852699060203,1.0,0.1451184590486635,0.39091397402269,0.7983736119984346,0.9644251355609144,0.5301099843921573,0.0,0.790954869890854,0.8012669104390039,1.0,0.19253203373028277,0.34435323849558896,0.2942077413470234,0.1991316910943184,0.5035420587152611,0.2731766545249965,0.06175171265776061,0.20335889031380075,1.0,0.2477945070135485,0.816582764289428,0.19954944748939207,0.02878406501601449,0.8945495423266097,0.0,1.0,0.522631584098784,0.7623637521842426,0.876708123773665,1.0,1.0,0.3260048127056601,0.028335929316399618,0.1988350902844221,0.17241300680346108,0.9671649629420807,0.207414631702426,0.17776507525923524,0.056639939882123805,1.0,0.020619326237502438,0.6389858866719091,1.0,0.947755193285554,0.13257624171983903,0.3346324211782518,1.0,1.0,1.0,0.17773595224252264,0.23457731203856771,0.5763821619111482,0.0,0.028399191287000712,0.0,0.3988118213668442,0.11525218589720905,0.0,0.9805510097801118,1.0,0.565407349861496,412.87111413307883,1.0,18778.40459487944,83872.32836247465
-0.2062084638209926,0.6848567943687733,0.20183158889401978,0.8313593858347559,0.6013872413410343,-0.8487606654378443,-0.9973790386927013,0.12779983624132216,0.24646493429333896,0.8397288318217744,0.02201123466546656,0.20584064920610218,0.3898659371445942,4.323199282377352e-05,0.8477323046526505,0.0028878327564160824,0.5886756848118597,0.17326372313355706,0.19347133392170004,0.0,0.9609661844020896,0.29576925120304054,0.18205068328989474,0.10369839110719337,0.994512532755845,0.6689282507181539,0.6857894662887462,0.40757663473774886,0.45966183715274544,0.0,0.48054574908507774,0.14619314148230994,0.16970871759496461,0.026102009463444875,1.0,0.25579548213672243,0.3959397571591616,0.9920854899183341,0.2579846202262371,0.2092544884637093,0.08872586332289256,0.7057103063111343,0.8891058973418646,0.12754185608791369,0.753943947520878,0.08522494153155374,0.8679468103893706,0.0,0.8084126837092137,1.0,0.30541388478693127,0.08239656034731885,0.48066867082964665,0.21433463518053358,0.20020900482332962,0.461829720248385,0.08460725767309787,0.20588290823173666,0.5826869557640855,0.7445685984789465,0.4311844180676453,0.0,0.0121671455905682,0.0,0.543521921032852,0.9963000151225079,0.6694107814857232,0.2529485207693243,0.2632388417057091,0.07734841602639385,0.6969410951944123,0.5680129142725694,0.35732568926571684,0.6632593247516353,0.9954925463310969,0.3242432064255413,0.5758775345404803,0.41875245753024054,0.9990863249080217,0.47056437015780606,0.2305935877379417,0.2880606451410849,0.06562554434507223,0.31842846800151564,0.6779344966437326,0.40073594219610464,0.0,0.8423095500365334,0.8862597266422063,0.14113291824996552,0.07109234739272935,0.5741116203970507,0.8654755738298525,0.1916134802021605,0.7430231607863109,0.6794771697119437,0.7343755840417089,0.32460483939826096,1.0,0.5304555593403847,0.3899451787246092,0.7454913039619364,0.6538622424882408,0.8736790137672771,0.6806541937922698,0.9563351170290559,0.005357439500197916,0.8072564528915641,0.030835634068016093,0.07698708897804418,0.04232654716848977,0.9394093047603976,0.5005410674703362,0.9361459434505467,0.5855661351455193,0.5672050028845359,0.7893645911471561,0.051159839506247695,0.7699957096213382,0.6320876862511744,0.49529781950298424,0.19732176556376993,0.734146809598421,0.9875581598169703,0.8491416869351549,0.7721058927605677,0.1481159389711792,0.6007916004889273,0.5545240656881802,0.46153894346508056,0.5648308553058251,0.5887216540718725,0.8448824142133333,0.8298186494833905,0.04729790506217105,0.2613195774343408,0.38241581223704263,0.20286160008359355,0.3909110472231368,0.5949913947255617,0.990679212975875,0.2514055014111726,0.4416884319690438,0.9506716250227252,0.5642182511133808,0.06273421725817842,0.39936979122780447,0.9145505058967448,0.05038035485190743,0.0,0.9654775408839953,0.47143012582026994,0.7795498357432079,0.9554909651167165,0.22823239409946,0.006937467168173006,0.6595893474953717,0.37526854603582205,0.2702895535819339,0.9970657546129134,0.3218605946463514,0.46300082899419126,0.5348440206694779,0.5660068735327702,0.7576274968876697,0.5820447756175217,0.915643092595956,0.3624551126597959,0.27638162801761745,0.43153042201547115,0.45358003670009245,0.5411293629534354,1.0,0.6199458698279343,0.5724220153904576,0.029283118262886886,0.4635077908273168,0.6396160024594513,0.23954514187068046,0.12455919528640591,0.28359159990783556,0.5574832601862432,0.28062227526581074,0.026909720797413703,0.3468422821796201,0.09372732270548051,0.7684794727133505,0.12548232863987346,0.0,0.06992306217326288,0.4939338181217899,0.44000235086940054,0.6177413713898545,0.6298967127531281,0.39608654815029914,0.0,0.594767816821544,0.5093050821336289,0.29910409450222364,0.5463156458782613,0.5934451128024691,0.01595769969402892,1.0,0.06302292241158383,0.28704390081954206,0.3192160915826317,0.06287738717386192,0.5799204667394937,0.5934136122428317,0.7140832031307623,0.450410218918618,0.8069107001794946,0.009111591566729197,0.0,0.8999571778328928,0.5022386843848231,0.09053973492667247,0.7205143611367735,0.9912303818816721,0.09419344935079738,0.0527654758511798,0.8059994571253806,0.38188732786100765,0.6615352978325604,0.0,0.06288710245972776,0.22650910378169326,0.6281147652382512,0.4912539796527418,0.34846711330402524,0.7280935938280788,0.5237687880021793,0.4118542438876315,0.7414915393076773,0.04108188039228594,0.2086277097157711,0.511720348051875,0.9318938449211841,0.004706501013735459,0.22283731779935306,0.13910801351282914,0.9135503206583879,0.7430486984236082,0.3691890898807435,412.2033816815396,1.0,20494.264395223538,38421.69406600302
0.7292977676409049,-0.7918701058207438,0.3978220218807131,-0.5687892319696123,0.20032387750351047,0.8305161137784901,0.415437366595734,-0.3989684372607242,0.8249934472337876,0.8681009380718149,0.3005734103022629,0.46037419992191014,0.09972606490006504,0.9517281552084004,0.3306694208046427,0.7594133279896091,0.6489749220646657,0.456072980577985,0.35113761004784166,0.8192881817635138,0.4753089228327895,0.9035196684513804,0.33589649707466473,0.3888326223612445,0.2538480204501193,0.23862010549927026,0.04338149144825097,0.5801982258156562,0.32069002422626286,0.29647002784502574,0.4902710513128368,0.6133304148799902,0.09777376291245218,0.15705628128406074,0.2875893081425345,0.40021023319838067,0.32831854227362967,0.36630078750249623,0.8477929844928735,0.3384518566821335,0.7034189248666103,0.529378331334385,0.20770929041023176,0.441804511525965,0.5951318208963601,0.33744568637678135,0.8508800262539954,0.3584905091967729,0.26923610260070036,0.8738800359421204,0.6626796660371423,0.21759985254046948,0.6368076159324695,0.07990835737590439,0.7845541064633077,0.1397417735497199,0.501834456731375,0.6069823678388268,0.7302964427891372,0.5339661689656368,0.08141931455523653,0.543083316736551,0.9079012616165122,0.528393438903218,0.20229126396978014,0.07975748287195646,0.5670981564513417,0.6305039671454662,0.8885801277964196,0.43606952562453316,0.3160139532889704,0.10115847925361356,0.14185899226278756,0.1593082135820159,0.24756074920789148,0.39280351154317755,0.2947292783184522,0.729502544979284,0.07340985407663593,0.07547432103831003,0.24591000021070802,0.6410568095986714,0.47313462105435583,0.2548271553434477,0.8018579016675332,0.2999999810396215,0.08509964567236088,0.47369078788087604,0.26849123391658836,0.38602745871398714,0.6652799497843551,0.10275986266683297,0.5262767826795373,0.8778027437120702,0.3329293297832773,0.47890525636011,0.09074510511141219,0.5751232536368034,0.5043122550045167,0.8821875674875617,0.458181210041954,0.5836941438468645,0.14614878569799503,0.6092170371513249,0.8436115937866229,0.27786645475203836,0.5440226032412461,0.06147796086634327,0.7805322408533948,0.8618383639504167,0.6479575294927261,0.22511221599563416,0.8660582839800343,0.7512887742037326,0.07962017639869216,0.5063363979222402,0.2555954038767651,0.37718080407549165,0.7487997437012215,0.38691714976960684,0.6134856146465072,0.20454132880924264,0.12440267452321373,0.35819374472334103,0.25543579475273553,0.6248004604823858,0.8914998715900324,0.5730816883365786,0.5603657262348335,0.325269654239594,0.6924173577684374,0.7797831959529082,0.5453859359806463,0.33612362992275746,0.835237352860345,0.10870627277305095,0.31163534920821506,0.223923766270731,0.6940471139544263,0.17423973706483253,0.7435982068838707,0.41455226263245304,0.9036175655540759,0.7343133732314464,0.6755652899459617,0.9391382047231579,0.8846360448017125,0.8741373569263788,0.6309763628893065,0.08861118388868876,0.540610979630334,0.3009664549462965,0.8665629581584275,0.9186033603633774,0.07519937352109889,0.5238179094414531,0.23245396664257298,0.8052179344892223,0.3573179128483216,0.4277331785759371,0.887541822188205,0.9223170150113331,0.8777547315278676,0.1312408041965204,0.0635537463215479,0.10190400399135909,0.8904917886340858,0.316332894213576,0.3767783577889638,0.3563245544759305,0.09540377963191388,0.6268327953529526,0.8551725057333922,0.7168286017258462,0.10439269190649372,0.12217139865489131,0.27282727193049994,0.19277013875211074,0.8618651507157254,0.10417240472254755,0.2792469868744601,0.9158492089633117,0.4381182251160631,0.5426211252325156,0.7166106968693722,0.6255033733411857,0.10083746155632176,0.32534296176523914,0.7763325813325221,0.7446810293928025,0.41510745085382883,0.3736960967374635,0.6204209901375494,0.10873897961156238,0.556253203866849,0.8580628946616541,0.21346296717483082,0.8759229994277404,0.3438903041611784,0.1166518905982057,0.835514764506002,0.33333663408333974,0.48203467929654675,0.4571493682618936,0.6827400907608019,0.9038452295000573,0.35463195973781253,0.5422829872506472,0.7366004830612084,0.3105206036822605,0.6931118893554118,0.10155351181013474,0.5271098529841748,0.5485656652853493,0.423134508338912,0.5596694674483953,0.758623846358968,0.665879351469817,0.8815250270780417,0.14560331078991576,0.6494495282479598,0.5753979895865086,0.34666564554177426,0.5166627838041631,0.596808289938212,0.10846068264765787,0.47132867367236114,0.15372391553494288,0.596723507750997,0.12363771199878505,0.6362099393287783,0.6367143278139847,0.8432262206283021,0.22841471904051913,0.8803108128762048,0.4324763715413431,0.07507879271972216,0.28068542276516034,0.8281663888657372,0.668595481406478,0.894193708302012,0.6731998027291097,0.6491913604552517,0.41022771222143173,411.5819271924232,0.7,24797.260339751112,14221.78212686906
0.06870376689710148,-0.2564265018779629,0.13978019286574211,0.26252343151684554,-0.11677942247272421,0.2013541427691782,0.07973519196589615,-0.3832630271813721,0.5404285259234161,0.4786119183166592,0.44088976668629737,0.4250353553814845,0.28427109525699584,0.6114738582457261,0.39952084482078737,0.5238850896021465,0.4818225573538833,0.4438447579196492,0.5656994598510411,0.46540345138585815,0.5942411198623573,0.3737172951524018,0.4810223351513037,0.5452990407776503,0.5562157759192594,0.6162294514247241,0.37352026958575163,0.45920389926174143,0.7543049010149812,0.5401042055077084,0.7124118028791716,0.4571050332134846,0.4208843250716112,0.3958716444341701,0.5659357799185559,0.5949538125945464,0.4268010606669572,0.40950471599954125,0.5761749365023014,0.6656843333871416,0.5582078562455632,0.4901106104583348,0.6503123027650872,0.4022022181531706,0.5271498428883923,0.5366810390111899,0.6150978765320511,0.6162339011540231,0.591393795596467,0.44852519618273523,0.4429181431025893,0.42095445480374477,0.3488479528348799,0.38399724597922147,0.6403486163562471,0.6960618345744274,0.4337565076171744,0.5127667864969343,0.4807805227639627,0.3388426958643223,0.47913235010833016,0.6421194142049274,0.36372075403520154,0.3502810297401149,0.6361982508264383,0.49402934843010743,0.5019362193125909,0.3465006003566864,0.5207036731900526,0.3733010456847619,0.41378344864501226,0.48053712988382796,0.40428286292091326,0.4842394200633698,0.49103505315601736,0.5500319945552737,0.6415310161877709,0.5580760792698036,0.40043677626496404,0.4814095007945781,0.41525063128936207,0.5966633353311606,0.5005857134049608,0.5131687533130849,0.35492079133488674,0.4209404693494099,0.49089826353581234,0.4646793706778295,0.4432604211212179,0.35806506401597904,0.651572168498046,0.42937604748672814,0.588599507623791,0.28969099913337737,0.2891191243435656,0.6184129640020314,0.5362301776615299,0.5386599377651906,0.37046597784301655,0.5673820419197623,0.4398828387290268,0.29036014512497643,0.43564940017319864,0.4790398568412553,0.34338913788610054,0.5162616637347833,0.5661152436406849,0.4434119993185113,0.5321975996671332,0.49083385203683966,0.5223324991049156,0.555440641259513,0.658309215107505,0.4394341072731215,0.5221458790956626,0.5225040416956428,0.3923789662072391,0.48104748491544863,0.6427323765282646,0.5428925560382865,0.5257217868263364,0.43970000646512597,0.6283878549294079,0.4663915259775531,0.32646100400791955,0.5358942813895359,0.541573378872963,0.676060758217997,0.444935377862435,0.5083207631081723,0.30567066741467286,0.48897760261697065,0.4392846016635933,0.6088213869067362,0.43059487229622856,0.39144536254341394,0.4328700195602003,0.640654202214591,0.41472661648589215,0.42690066891493195,0.6132876790037998,0.41057248476879066,0.5877729519154968,0.6885631226689961,0.47421416692314,0.49113325640091,0.3728145194393346,0.5092477842727019,0.5626641728866079,0.4780358549315306,0.6489905082240929,0.46771065483249463,0.5523475065253154,0.4903175497184262,0.5945052965300661,0.3805753738097838,0.44526475965070156,0.6215443260581321,0.3712181108100402,0.45405524751807014,0.5010908440075317,0.6562150777723609,0.4157772693720653,0.6403607830564222,0.5474685381400488,0.6577771202837032,0.6700347911806914,0.4331083153929272,0.5431399094368756,0.4165156095390381,0.5423005750042681,0.4352351130283696,0.4885218117894067,0.6186993529396548,0.47749543362251035,0.5839660106204019,0.5188052951167008,0.502395170535613,0.48031077129870164,0.45975302941980983,0.28542811530176393,0.4126569540297801,0.5332102155535006,0.3605595010297611,0.34551489866003815,0.45842464358511403,0.5012845362649722,0.4183152148282525,0.5553333693214627,0.5174323649293155,0.33662776336835254,0.5516770605530277,0.645085391186466,0.493525699764935,0.5483246580333162,0.49946139916455573,0.5458584570174604,0.5242870595285449,0.5275910187523822,0.44936580998440095,0.3794230737705624,0.41274093328515826,0.49312103405236474,0.527015476397636,0.44319537451134616,0.5993245018089375,0.6842160761997286,0.43743014894511284,0.523337549870721,0.5824642098985092,0.491341227169425,0.4696483253666861,0.45074130862148254,0.4792260709783539,0.4906450225300682,0.5843112316793797,0.42439630970956527,0.6535116468483217,0.4147256294169489,0.24663779512462825,0.6348268257431068,0.5344608659777267,0.44707589826150584,0.508019908020024,0.4776961092964658,0.6489950822329545,0.5404995995316243,0.5207798641818395,0.33753065057347764,0.5573767495316873,0.49511895408929957,0.5207919950534381,0.4837752519444082,0.6287497147334085,0.410433876526188,0.4606244482294316,0.5444511959076201,0.41622006927516964,0.6660048656013372,0.4298125639149858,0.4647429508202352,0.49757340904484954,0.5461408909307812,0.3436064331981206,411.83893550467644,0.8,21990.649349984935,15127.050517493717
-0.015271635687078445,-0.31355337287733787,0.15248363341817173,0.07431912091984494,-0.14938686541675433,0.4332947467919594,0.06213995887455673,-0.23364005065690413,0.5197389727288085,0.5243826991887367,0.4842644961010912,0.5004511761423699,0.37808408487210593,0.46491789070711687,0.48820608667848986,0.6296386874507323,0.5323844048887896,0.4434685766731548,0.49233899332978814,0.4228107491873668,0.422858364844214,0.051452166100328996,0.5495210385010121,0.4608153633567801,0.5166400879929535,0.6535413763352855,0.33589272101134,0.7211561447792688,0.5055902285116747,0.503454695688283,0.5879011985068364,0.4094188308684547,0.5496143425953435,0.5482426719710445,0.497502719250938,0.0,0.2862121894099848,0.3826250057236094,0.5002838728942078,0.5250183025974865,0.49159330457098094,0.4035234311687833,0.41079607010617913,0.5363960771647597,0.34793646791008365,0.4774673421371901,0.559457018563797,0.5408992738666737,0.5571194449977823,0.06080945363442532,0.5363619843007001,0.42630283570709177,0.24977569180377704,0.3599964569665748,0.6271846559148915,0.5961220198545417,0.469805340741934,0.3259548897830734,0.6821471157346933,0.4580956736530046,0.38726792102365426,0.3658928760183643,0.5651037606588671,0.43309211865663144,0.5497550464674716,0.4723950996664856,0.5185833948981502,0.5308922416583837,0.46590159618229054,0.43015485116731217,0.49675598703592366,0.3184183818020613,0.42832655370290795,0.6395504527095673,0.5367298948734839,0.010926973959893324,0.10424020952164538,0.5729358841058138,0.43353470416513346,0.6901900769157386,0.7699867169905577,0.5870177771118328,0.5493057696220685,0.42313982210530043,0.511917089443331,0.6549051068031719,0.46134526302984763,0.3369958713458469,0.3597909471297887,0.38523279761429013,0.5179232136594969,0.6034812283499779,0.6789163498770873,0.4354245529098147,0.3254420472026046,0.4208423201619088,0.24415679027397147,0.6204064319663468,0.3338803350797738,0.5945088818706551,0.5084670721946014,0.46112059138914835,0.4134507753887404,0.36605535775432435,0.39473424868151186,0.41187581238484916,0.6692629806622901,0.5991163697218721,0.4986255864797432,0.5169602919830191,0.5816656768181975,0.48774200718952593,0.40075591249483133,0.5697547869789276,0.5961771836812843,0.4940664320425213,0.6047397704532709,0.5997887244498279,0.26454796079590726,0.5688031028864204,0.9392885651658344,0.4617241844615718,0.4837413440944771,0.4414139706317381,0.4527151479428642,0.4079556385468194,0.21139224157211642,0.4733307801704569,0.44134007133733766,0.693532537280137,0.3794544607439241,0.4910892557595473,0.7772283084825041,0.4796690184293141,0.4763187904906168,0.4153197102060597,0.3569864358631512,0.44313926143555327,0.41525977665504527,0.5403424463404932,0.43692543200538037,0.45984363940821416,0.6351975385500062,0.41955294737207727,0.6358632077544483,0.5293758657021137,0.6663224146268982,0.6604234915716405,0.49008895889207527,0.5929185176334559,0.5854165589058976,0.37557294779904504,0.45257372783145317,0.34493855235830667,0.5085479108869364,0.5317635728815214,0.4210108067757447,0.5963583598173509,1.0,0.6267405390697846,0.4004737981070172,0.5319939987883326,0.38533508692788704,0.4779260251614525,0.5824780327810353,0.4897680079885206,0.4545063208599808,0.34256970698914263,0.49214748763639377,0.4445267864311748,0.4542248712527562,0.503312079175924,0.44946027501708546,0.49747707031248184,0.5292533565663273,0.44967773601960376,0.5981049997034745,0.7557944430545718,0.4744361732617411,0.7365982273152114,0.01882531696395249,0.5602772044196178,0.44967696063185303,0.5522271354791451,0.0,0.35056888242330064,0.44051936394986946,0.5623669561021508,0.020951182528975376,0.6171325699470549,0.36320288191858574,0.561299254822453,0.6651255906978373,0.4582747904213018,0.579934863386428,0.40980466394698695,0.45929053780873497,0.47603780807607604,0.5726182070040642,0.5237403344271879,0.4098727502702882,0.4448369634710896,0.41531364773490453,0.40539849104002246,0.49718667788908044,0.37494730004836146,0.6819385098454713,0.5288743625230983,0.5628809223221563,0.44553188212265116,0.5064551660587422,0.39782556897057486,0.4081113296294938,0.36766664605167565,0.36526531661781986,0.585384574301167,0.4728174926368036,0.6464377567386512,0.5642556977534559,0.2870342322399909,0.6045783888357547,0.34918261769715647,0.4482541544696859,0.5310607356593021,0.39182346364604875,0.5557409996830587,0.5209257214600002,0.34727544341468397,0.24508761893206316,0.4872440417688123,0.4593255644665564,0.01294181843518994,0.5757613532401126,0.40934820107372377,0.4339167540502572,0.8086128391222044,0.3692558175590679,0.5109896021734095,0.4783677309748911,0.6437181072226204,0.8092363962608637,0.392075248821544,0.5309245356219876,0.4328835966309415,411.89383508321396,0.8,21041.02953050466,15172.750102048807
